timestamp_utc,timestamp_local,date_local,hour_local,weekday_name_local,electricity_price,renewable_share,renewable_generation,total_generation,carbon_intensity_gco2_kwh,wind_speed,solar_radiation,is_cheap,is_low_carbon,is_cheap_and_low_carbon,is_clean,is_cheap_and_clean,is_negative_price
2026-05-28 00:00:00,2026-05-28 02:00:00,2026-05-28,2,Thursday,0.15,0.2243255494485874,2434.2977499999997,10851.6295,362.635,12.5,0.0,0,0,0,0,0,0
2026-05-28 01:00:00,2026-05-28 03:00:00,2026-05-28,3,Thursday,0.15,0.2148276761325681,2264.14525,10539.3555,364.6325,11.2,0.0,0,0,0,0,0,0
2026-05-28 02:00:00,2026-05-28 04:00:00,2026-05-28,4,Thursday,0.16,0.2056818145148803,2135.2782500000003,10381.463500000002,366.815,10.6,0.0,0,0,0,0,0,0
2026-05-28 03:00:00,2026-05-28 05:00:00,2026-05-28,5,Thursday,0.16,0.19778599714215375,2015.5117500000001,10190.366250000001,369.78499999999997,9.5,0.0,0,0,0,0,0,0
2026-05-28 04:00:00,2026-05-28 06:00:00,2026-05-28,6,Thursday,0.18,0.16900425730041205,1846.50025,10925.76175,392.675,9.3,5.0,0,0,0,0,0,0
2026-05-28 05:00:00,2026-05-28 07:00:00,2026-05-28,7,Thursday,0.17,0.11831781377722098,1467.2457499999998,12400.886249999998,428.8325,8.9,76.0,0,0,0,0,0,0
2026-05-28 06:00:00,2026-05-28 08:00:00,2026-05-28,8,Thursday,0.15,0.09621354572369942,1297.05125,13480.963,470.09,7.4,209.0,0,0,0,0,0,0
2026-05-28 07:00:00,2026-05-28 09:00:00,2026-05-28,9,Thursday,0.11,0.0921290642093211,1269.26525,13777.034,472.5375,7.4,361.0,0,0,0,0,0,0
2026-05-28 08:00:00,2026-05-28 10:00:00,2026-05-28,10,Thursday,0.02,0.08570593458255872,1328.152,15496.6165,485.7925,8.5,516.0,1,0,0,0,0,0
2026-05-28 09:00:00,2026-05-28 11:00:00,2026-05-28,11,Thursday,0.0,0.06582728287445443,1111.413,16883.774499999996,498.295,8.5,655.0,1,0,0,0,0,0
2026-05-28 10:00:00,2026-05-28 12:00:00,2026-05-28,12,Thursday,0.0,0.05727652188010992,1000.4977500000001,17467.851000000002,503.2375,8.2,759.0,1,0,0,0,0,0
2026-05-28 11:00:00,2026-05-28 13:00:00,2026-05-28,13,Thursday,0.0,0.05898614633626226,1048.89975,17782.13725,502.775,8.5,830.0,1,0,0,0,0,0
2026-05-28 12:00:00,2026-05-28 14:00:00,2026-05-28,14,Thursday,0.0,0.05922912339413532,1039.014,17542.28225,502.65999999999997,8.9,860.0,1,0,0,0,0,0
2026-05-28 13:00:00,2026-05-28 15:00:00,2026-05-28,15,Thursday,0.0,0.0698289925584392,1180.3832499999999,16903.9135,496.105,9.5,837.0,1,0,0,0,0,0
2026-05-28 14:00:00,2026-05-28 16:00:00,2026-05-28,16,Thursday,0.05,0.09312425259943384,1464.5075000000002,15726.38125,484.89750000000004,7.0,773.0,1,0,0,0,0,0
2026-05-28 15:00:00,2026-05-28 17:00:00,2026-05-28,17,Thursday,0.12,0.09709295322519876,1385.6297499999998,14271.166999999998,473.6,7.2,677.0,0,0,0,0,0,0
2026-05-28 16:00:00,2026-05-28 18:00:00,2026-05-28,18,Thursday,0.17,0.10716542489514247,1645.7745,15357.327250000002,449.5525,8.7,548.0,0,0,0,0,0,0
2026-05-28 17:00:00,2026-05-28 19:00:00,2026-05-28,19,Thursday,0.25,0.11645809837006003,1685.3697499999998,14471.898250000002,429.255,7.6,404.0,0,0,0,0,0,0
2026-05-28 18:00:00,2026-05-28 20:00:00,2026-05-28,20,Thursday,0.46,0.1431229716327222,1954.7292499999999,13657.690500000002,413.605,6.9,251.0,0,0,0,0,0,0
2026-05-28 19:00:00,2026-05-28 21:00:00,2026-05-28,21,Thursday,0.44,0.1716380478142561,2266.46875,13204.931999999999,396.4525,5.9,109.0,0,0,0,0,0,0
2026-05-28 20:00:00,2026-05-28 22:00:00,2026-05-28,22,Thursday,0.25,0.22532481678521962,3028.734,13441.635250000001,370.9575,9.1,15.0,0,0,0,0,0,0
2026-05-28 21:00:00,2026-05-28 23:00:00,2026-05-28,23,Thursday,0.19,0.2718044482969656,3783.4877500000002,13919.889,348.2125,10.4,0.0,0,0,0,0,0,0
2026-05-28 22:00:00,2026-05-29 00:00:00,2026-05-29,0,Friday,0.17,0.2676823917366723,3728.6487499999994,13929.376250000001,346.5925,9.9,0.0,0,0,0,0,0,0
2026-05-28 23:00:00,2026-05-29 01:00:00,2026-05-29,1,Friday,0.16,0.2639979051988815,3576.3455000000004,13546.87075,346.205,10.1,0.0,0,0,0,0,0,0
2026-05-29 00:00:00,2026-05-29 02:00:00,2026-05-29,2,Friday,0.16,0.2562966860870847,3403.0505,13277.778,349.76750000000004,13.5,0.0,0,0,0,0,0,0
2026-05-29 01:00:00,2026-05-29 03:00:00,2026-05-29,3,Friday,0.15,0.26618716892862143,3557.27475,13363.809999999998,349.585,10.6,0.0,0,0,0,0,0,0
2026-05-29 02:00:00,2026-05-29 04:00:00,2026-05-29,4,Friday,0.15,0.26719767491030927,3453.187,12923.716499999999,347.475,10.1,0.0,0,0,0,0,0,0
2026-05-29 03:00:00,2026-05-29 05:00:00,2026-05-29,5,Friday,0.15,0.2366075867915317,3029.5319999999997,12804.03575,374.36,8.1,0.0,0,0,0,0,0,0
2026-05-29 04:00:00,2026-05-29 06:00:00,2026-05-29,6,Friday,0.16,0.2166650470776199,2903.5355,13401.03325,391.64250000000004,9.8,2.0,0,0,0,0,0,0
2026-05-29 05:00:00,2026-05-29 07:00:00,2026-05-29,7,Friday,0.16,0.218049262013758,3053.7290000000003,14004.7665,393.015,10.6,33.0,0,0,0,0,0,0
2026-05-29 06:00:00,2026-05-29 08:00:00,2026-05-29,8,Friday,0.15,0.20172094792764608,2483.70425,12312.57475,382.305,14.6,189.0,0,0,0,0,0,0
2026-05-29 07:00:00,2026-05-29 09:00:00,2026-05-29,9,Friday,0.1,0.17631550326446216,2286.6324999999997,12968.981500000002,387.255,11.6,305.0,0,0,0,0,0,0
2026-05-29 08:00:00,2026-05-29 10:00:00,2026-05-29,10,Friday,0.02,0.13847870854223301,1981.63025,14309.999499999998,408.1825,12.6,445.0,1,0,0,0,0,0
2026-05-29 09:00:00,2026-05-29 11:00:00,2026-05-29,11,Friday,0.0,0.10628023487669294,1655.3352499999999,15575.193749999999,440.615,10.2,555.0,1,0,0,0,0,0
2026-05-29 10:00:00,2026-05-29 12:00:00,2026-05-29,12,Friday,0.0,0.08539973715092372,1370.78675,16051.4165,471.645,17.3,701.0,1,0,0,0,0,0
2026-05-29 11:00:00,2026-05-29 13:00:00,2026-05-29,13,Friday,0.0,0.07456208164611797,1171.126,15706.723500000002,467.8875,12.1,606.0,1,0,0,0,0,0
2026-05-29 12:00:00,2026-05-29 14:00:00,2026-05-29,14,Friday,0.0,0.08901360487319544,1299.70725,14601.22025,431.9675,11.1,756.0,1,0,0,0,0,0
2026-05-29 13:00:00,2026-05-29 15:00:00,2026-05-29,15,Friday,0.01,0.10974002156264806,1457.5665,13281.99575,402.1725,17.7,555.0,1,0,0,0,0,0
2026-05-29 14:00:00,2026-05-29 16:00:00,2026-05-29,16,Friday,0.08,0.14333135565236563,1659.4234999999999,11577.533000000001,373.6575,13.1,161.0,1,0,0,0,0,0
2026-05-29 15:00:00,2026-05-29 17:00:00,2026-05-29,17,Friday,0.12,0.13074969784632612,1426.67,10911.45925,387.8625,11.5,101.0,0,0,0,0,0,0
2026-05-29 16:00:00,2026-05-29 18:00:00,2026-05-29,18,Friday,0.16,0.09018164135912705,1001.57025,11106.143499999998,425.78,14.2,427.0,0,0,0,0,0,0
2026-05-29 17:00:00,2026-05-29 19:00:00,2026-05-29,19,Friday,0.21,0.09619924615153523,1111.3055000000002,11552.12275,441.725,6.9,255.0,0,0,0,0,0,0
2026-05-29 18:00:00,2026-05-29 20:00:00,2026-05-29,20,Friday,0.28,0.11097589958894599,1246.047,11228.0865,431.21000000000004,9.6,112.0,0,0,0,0,0,0
2026-05-29 19:00:00,2026-05-29 21:00:00,2026-05-29,21,Friday,0.24,0.10000964417092739,1040.8845,10407.841249999998,421.1925,5.7,85.0,0,0,0,0,0,0
2026-05-29 20:00:00,2026-05-29 22:00:00,2026-05-29,22,Friday,0.19,0.08495268452922317,839.7040000000001,9884.37275,416.3025,6.8,11.0,0,0,0,0,0,0
2026-05-29 21:00:00,2026-05-29 23:00:00,2026-05-29,23,Friday,0.17,0.07157470347433219,674.01875,9416.99675,408.1275,4.1,0.0,0,0,0,0,0,0
2026-05-29 22:00:00,2026-05-30 00:00:00,2026-05-30,0,Saturday,0.17,0.09239729424691007,868.1255000000001,9395.572750000001,394.9175,2.2,0.0,0,0,0,0,0,0
2026-05-29 23:00:00,2026-05-30 01:00:00,2026-05-30,1,Saturday,0.16,0.09636230493028947,799.4132500000001,8295.9125,379.02,0.9,0.0,0,0,0,0,0,0
2026-05-30 00:00:00,2026-05-30 02:00:00,2026-05-30,2,Saturday,0.15,0.09845982217824212,782.01475,7942.475749999999,379.5575,1.2,0.0,0,0,0,0,0,0
2026-05-30 01:00:00,2026-05-30 03:00:00,2026-05-30,3,Saturday,0.15,0.0906246240008401,688.235,7594.348749999999,387.96,2.1,0.0,0,0,0,0,0,0
2026-05-30 02:00:00,2026-05-30 04:00:00,2026-05-30,4,Saturday,0.15,0.08876363096104592,665.70675,7499.769249999999,379.5925,1.9,0.0,0,0,0,0,0,0
2026-05-30 03:00:00,2026-05-30 05:00:00,2026-05-30,5,Saturday,0.15,0.07938214475835206,591.03575,7445.4495,383.38750000000005,1.7,0.0,0,0,0,0,0,0
2026-05-30 04:00:00,2026-05-30 06:00:00,2026-05-30,6,Saturday,0.15,0.07994506953762118,598.6442499999999,7488.1947500000015,400.89750000000004,1.9,6.0,0,0,0,0,0,0
2026-05-30 05:00:00,2026-05-30 07:00:00,2026-05-30,7,Saturday,0.13,0.06566240048834736,558.27125,8502.144999999999,415.05,4.0,80.0,0,0,0,0,0,0
2026-05-30 06:00:00,2026-05-30 08:00:00,2026-05-30,8,Saturday,0.11,0.04412496953072046,408.65799999999996,9261.377499999999,427.915,3.3,213.0,0,0,0,0,0,0
2026-05-30 07:00:00,2026-05-30 09:00:00,2026-05-30,9,Saturday,0.05,0.040871463998648674,460.15524999999997,11258.59475,441.9475,2.7,365.0,1,0,0,0,0,0
2026-05-30 08:00:00,2026-05-30 10:00:00,2026-05-30,10,Saturday,0.0,0.03617694490255452,494.20949999999993,13660.8965,486.67499999999995,1.8,515.0,1,0,0,0,0,0
2026-05-30 09:00:00,2026-05-30 11:00:00,2026-05-30,11,Saturday,0.0,0.03281916844104535,494.40199999999993,15064.428000000002,507.105,2.4,653.0,1,0,0,0,0,0
2026-05-30 10:00:00,2026-05-30 12:00:00,2026-05-30,12,Saturday,0.0,0.032305877878655465,519.0152499999999,16065.66,509.8225,4.2,762.0,1,0,0,0,0,0
2026-05-30 11:00:00,2026-05-30 13:00:00,2026-05-30,13,Saturday,0.0,0.030667770600119253,516.56825,16844.0105,511.6125,4.7,833.0,1,0,0,0,0,0
2026-05-30 12:00:00,2026-05-30 14:00:00,2026-05-30,14,Saturday,0.0,0.036072297177823655,607.21975,16833.4095,508.6775,2.7,861.0,1,0,0,0,0,0
2026-05-30 13:00:00,2026-05-30 15:00:00,2026-05-30,15,Saturday,0.0,0.04520006661785055,717.0365,15863.616000000002,502.64,2.6,825.0,1,0,0,0,0,0
2026-05-30 14:00:00,2026-05-30 16:00:00,2026-05-30,16,Saturday,0.0,0.07042929599205566,1030.4355,14630.779499999999,490.02,4.5,769.0,1,0,0,0,0,0
2026-05-30 15:00:00,2026-05-30 17:00:00,2026-05-30,17,Saturday,0.07,0.08285624684802981,1059.207,12783.671,459.64,5.8,659.0,1,0,0,0,0,0
2026-05-30 16:00:00,2026-05-30 18:00:00,2026-05-30,18,Saturday,0.12,0.09458092074697441,1094.0652499999999,11567.504749999998,433.3675,6.3,547.0,0,0,0,0,0,0
2026-05-30 17:00:00,2026-05-30 19:00:00,2026-05-30,19,Saturday,0.16,0.10071757226826426,1164.0305,11557.372500000001,441.1275,9.8,373.0,0,0,0,0,0,0
2026-05-30 18:00:00,2026-05-30 20:00:00,2026-05-30,20,Saturday,0.18,0.11835984985175298,1299.4195,10978.549749999998,421.53999999999996,10.8,223.0,0,0,0,0,0,0
2026-05-30 19:00:00,2026-05-30 21:00:00,2026-05-30,21,Saturday,0.21,0.140450719946247,1517.776,10806.4665,403.1675,10.2,93.0,0,0,0,0,0,0
2026-05-30 20:00:00,2026-05-30 22:00:00,2026-05-30,22,Saturday,0.19,0.12183532195131533,1313.84875,10783.808249999998,421.78,8.1,13.0,0,0,0,0,0,0
2026-05-30 21:00:00,2026-05-30 23:00:00,2026-05-30,23,Saturday,0.17,0.11412805248820851,1150.86925,10084.017249999999,422.64,8.1,0.0,0,0,0,0,0,0
2026-05-30 22:00:00,2026-05-31 00:00:00,2026-05-31,0,Sunday,0.16,0.10459178966051359,1004.6505,9605.443249999998,424.77,8.6,0.0,0,0,0,0,0,0
2026-05-30 23:00:00,2026-05-31 01:00:00,2026-05-31,1,Sunday,0.16,0.09782399389480283,909.7257500000001,9299.617750000001,427.6525,9.3,0.0,0,0,0,0,0,0
2026-05-31 00:00:00,2026-05-31 02:00:00,2026-05-31,2,Sunday,0.15,0.1190134325353954,1066.49975,8961.171250000001,420.6675,8.5,0.0,0,0,0,0,0,0
2026-05-31 01:00:00,2026-05-31 03:00:00,2026-05-31,3,Sunday,0.15,0.12968547065856392,1146.14975,8837.9195,419.48,8.6,0.0,0,0,0,0,0,0
2026-05-31 02:00:00,2026-05-31 04:00:00,2026-05-31,4,Sunday,0.15,0.10203032747094416,870.66075,8533.352499999999,433.2,6.7,0.0,0,0,0,0,0,0
2026-05-31 03:00:00,2026-05-31 05:00:00,2026-05-31,5,Sunday,0.15,0.08471834693597224,629.40475,7429.3795,439.6875,2.7,0.0,0,0,0,0,0,0
2026-05-31 04:00:00,2026-05-31 06:00:00,2026-05-31,6,Sunday,0.13,0.08599335567126133,614.9955,7151.663000000001,430.105,2.3,5.0,0,0,0,0,0,0
2026-05-31 05:00:00,2026-05-31 07:00:00,2026-05-31,7,Sunday,0.12,0.10094877991916452,753.08075,7460.028249999999,417.74,5.6,71.0,0,0,0,0,0,0
2026-05-31 06:00:00,2026-05-31 08:00:00,2026-05-31,8,Sunday,0.11,0.09625024440064422,774.967,8051.58475,406.655,2.7,184.0,0,0,0,0,0,0
2026-05-31 07:00:00,2026-05-31 09:00:00,2026-05-31,9,Sunday,0.06,0.07387570051538557,715.2662500000001,9682.02325,436.3575,4.4,319.0,1,0,0,0,0,0
2026-05-31 08:00:00,2026-05-31 10:00:00,2026-05-31,10,Sunday,0.01,0.06495336747934746,764.29775,11766.868750000001,457.3225,3.6,445.0,1,0,0,0,0,0
2026-05-31 09:00:00,2026-05-31 11:00:00,2026-05-31,11,Sunday,0.0,0.06492757927126316,876.9337499999999,13506.33675,469.475,2.6,565.0,1,0,0,0,0,0
2026-05-31 10:00:00,2026-05-31 12:00:00,2026-05-31,12,Sunday,0.0,0.06594267479539247,993.9300000000001,15072.637000000002,490.9575,4.5,562.0,1,0,0,0,0,0
2026-05-31 11:00:00,2026-05-31 13:00:00,2026-05-31,13,Sunday,0.0,0.08197703847004938,1267.99425,15467.67575,481.9275,7.9,693.0,1,0,0,0,0,0
2026-05-31 12:00:00,2026-05-31 14:00:00,2026-05-31,14,Sunday,0.0,0.10723754613195795,1636.942,15264.635,466.7125,12.1,746.0,1,0,0,0,0,0
2026-05-31 13:00:00,2026-05-31 15:00:00,2026-05-31,15,Sunday,0.0,0.11019522368266259,1609.935,14609.84375,463.545,14.9,729.0,1,0,0,0,0,0
2026-05-31 14:00:00,2026-05-31 16:00:00,2026-05-31,16,Sunday,0.05,0.15379101597251965,2274.063,14786.708999999999,443.28,16.4,657.0,1,0,0,0,0,0
2026-05-31 15:00:00,2026-05-31 17:00:00,2026-05-31,17,Sunday,0.11,0.13996812387840474,1958.8920000000003,13995.27225,450.01,15.6,535.0,0,0,0,0,0,0
2026-05-31 16:00:00,2026-05-31 18:00:00,2026-05-31,18,Sunday,0.15,0.11999218019217178,1764.63425,14706.24375,449.15,14.5,420.0,0,0,0,0,0,0
2026-05-31 17:00:00,2026-05-31 19:00:00,2026-05-31,19,Sunday,0.16,0.11301677994014836,1533.6997500000002,13570.548999999999,436.26250000000005,12.7,317.0,0,0,0,0,0,0
2026-05-31 18:00:00,2026-05-31 20:00:00,2026-05-31,20,Sunday,0.17,0.09627900382424298,1190.77275,12367.938,437.895,12.8,225.0,0,0,0,0,0,0
2026-05-31 19:00:00,2026-05-31 21:00:00,2026-05-31,21,Sunday,0.18,0.08568658052834052,989.1434999999999,11543.738749999999,436.0025,11.0,106.0,0,0,0,0,0,0
2026-05-31 20:00:00,2026-05-31 22:00:00,2026-05-31,22,Sunday,0.18,0.06076816936162338,669.60025,11018.930750000003,447.14,9.0,16.0,0,0,0,0,0,0
2026-05-31 21:00:00,2026-05-31 23:00:00,2026-05-31,23,Sunday,0.17,0.04043194649527041,419.3125,10370.8215,452.4275,7.7,0.0,0,0,0,0,0,0
2026-05-31 22:00:00,2026-06-01 00:00:00,2026-06-01,0,Monday,0.17,0.029192950640033244,280.67449999999997,9614.4615,449.01750000000004,6.6,0.0,0,0,0,0,0,0
2026-05-31 23:00:00,2026-06-01 01:00:00,2026-06-01,1,Monday,0.15,0.0446455782266649,411.83,9224.429750000001,445.4075,4.5,0.0,0,0,0,0,0,0
2026-06-01 00:00:00,2026-06-01 02:00:00,2026-06-01,2,Monday,0.15,0.05661768329729447,510.9275,9024.168249999999,437.3675,5.0,0.0,0,0,0,0,0,0
2026-06-01 01:00:00,2026-06-01 03:00:00,2026-06-01,3,Monday,0.13,0.06617611944136848,598.2819999999999,9040.75375,438.7325,4.3,0.0,0,0,0,0,0,0
2026-06-01 02:00:00,2026-06-01 04:00:00,2026-06-01,4,Monday,0.15,0.0719584935744873,662.1445000000001,9201.756000000001,435.73,3.1,0.0,0,0,0,0,0,0
2026-06-01 03:00:00,2026-06-01 05:00:00,2026-06-01,5,Monday,0.16,0.079546902199201,761.3225,9570.73725,430.71000000000004,3.7,0.0,0,0,0,0,0,0
2026-06-01 04:00:00,2026-06-01 06:00:00,2026-06-01,6,Monday,0.19,0.05529097057280004,591.7345,10702.190499999999,445.3875,4.9,6.0,0,0,0,0,0,0
2026-06-01 05:00:00,2026-06-01 07:00:00,2026-06-01,7,Monday,0.19,0.048856796801952,606.246,12408.631749999999,461.01,3.6,79.0,0,0,0,0,0,0
2026-06-01 06:00:00,2026-06-01 08:00:00,2026-06-01,8,Monday,0.18,0.04853120417801086,705.4267500000001,14535.5295,490.9125,4.1,205.0,0,0,0,0,0,0
2026-06-01 07:00:00,2026-06-01 09:00:00,2026-06-01,9,Monday,0.15,0.047527258633492234,765.18625,16099.944999999998,501.585,5.1,369.0,0,0,0,0,0,0
2026-06-01 08:00:00,2026-06-01 10:00:00,2026-06-01,10,Monday,0.13,0.05417866769310933,871.1297500000001,16078.832999999999,513.1125,6.0,519.0,0,0,0,0,0,0
2026-06-01 09:00:00,2026-06-01 11:00:00,2026-06-01,11,Monday,0.12,0.05811367357574707,950.189,16350.52375,515.2574999999999,8.9,649.0,0,0,0,0,0,0
2026-06-01 10:00:00,2026-06-01 12:00:00,2026-06-01,12,Monday,0.1,0.06700445897365401,1058.561,15798.366500000002,508.8325,12.5,743.0,0,0,0,0,0,0
2026-06-01 11:00:00,2026-06-01 13:00:00,2026-06-01,13,Monday,0.1,0.08423838468524203,1288.811,15299.56925,499.5875,15.0,750.0,0,0,0,0,0,0
2026-06-01 12:00:00,2026-06-01 14:00:00,2026-06-01,14,Monday,0.11,0.10380583095730557,1553.201,14962.560250000002,489.1975,14.5,733.0,0,0,0,0,0,0
2026-06-01 13:00:00,2026-06-01 15:00:00,2026-06-01,15,Monday,0.12,0.12200524188789254,1843.10525,15106.770999999999,479.02,14.2,683.0,0,0,0,0,0,0
2026-06-01 14:00:00,2026-06-01 16:00:00,2026-06-01,16,Monday,0.13,0.1347648370004146,1925.411,14287.19125,471.0625,13.3,593.0,0,0,0,0,0,0
2026-06-01 15:00:00,2026-06-01 17:00:00,2026-06-01,17,Monday,0.15,0.15197019746169613,2167.196,14260.664499999999,453.51750000000004,14.0,550.0,0,0,0,0,0,0
2026-06-01 16:00:00,2026-06-01 18:00:00,2026-06-01,18,Monday,0.17,0.15258408938967113,2227.613,14599.24825,435.2325,13.1,448.0,0,0,0,0,0,0
2026-06-01 17:00:00,2026-06-01 19:00:00,2026-06-01,19,Monday,0.27,0.1762967316366431,2432.32775,13796.783,404.86249999999995,12.0,342.0,0,0,0,0,0,0
2026-06-01 18:00:00,2026-06-01 20:00:00,2026-06-01,20,Monday,0.39,0.19639454588422103,2547.7852500000004,12972.79025,387.975,11.1,192.0,0,0,0,0,0,0
2026-06-01 19:00:00,2026-06-01 21:00:00,2026-06-01,21,Monday,0.36,0.18899233550336933,2362.83675,12502.28875,394.0025,10.3,98.0,0,0,0,0,0,0
2026-06-01 20:00:00,2026-06-01 22:00:00,2026-06-01,22,Monday,0.25,0.18771076101380657,2279.15825,12141.8625,395.505,7.9,11.0,0,0,0,0,0,0
2026-06-01 21:00:00,2026-06-01 23:00:00,2026-06-01,23,Monday,0.19,0.19163238847319977,2218.9177499999996,11579.033,389.1675,6.4,0.0,0,0,0,0,0,0
2026-06-01 22:00:00,2026-06-02 00:00:00,2026-06-02,0,Tuesday,0.17,0.20530185343451368,2323.3575,11316.787750000001,378.23,7.1,0.0,0,0,0,0,0,0
2026-06-01 23:00:00,2026-06-02 01:00:00,2026-06-02,1,Tuesday,0.16,0.19847020248653388,2145.189,10808.62,387.5075,6.9,0.0,0,0,0,0,0,0
2026-06-02 00:00:00,2026-06-02 02:00:00,2026-06-02,2,Tuesday,0.15,0.18072687273136587,1919.873,10623.063250000001,394.7075,7.8,0.0,0,0,0,0,0,0
2026-06-02 01:00:00,2026-06-02 03:00:00,2026-06-02,3,Tuesday,0.13,0.16506574481543052,1711.9232500000003,10371.16,400.31,7.3,0.0,0,0,0,0,0,0
2026-06-02 02:00:00,2026-06-02 04:00:00,2026-06-02,4,Tuesday,0.13,0.1647091259968048,1717.67575,10428.54025,400.75,8.1,0.0,0,0,0,0,0,0
2026-06-02 03:00:00,2026-06-02 05:00:00,2026-06-02,5,Tuesday,0.15,0.17083234729958002,1839.5395,10768.098250000001,395.71000000000004,7.6,0.0,0,0,0,0,0,0
2026-06-02 04:00:00,2026-06-02 06:00:00,2026-06-02,6,Tuesday,0.15,0.14821001421441915,1695.8827499999998,11442.430250000001,414.25,8.2,5.0,0,0,0,0,0,0
2026-06-02 05:00:00,2026-06-02 07:00:00,2026-06-02,7,Tuesday,0.16,0.12516288089436559,1545.989,12351.817,433.63,7.3,38.0,0,0,0,0,0,0
2026-06-02 06:00:00,2026-06-02 08:00:00,2026-06-02,8,Tuesday,0.16,0.10591333661400612,1356.8977499999999,12811.3965,444.39,7.2,88.0,0,0,0,0,0,0
2026-06-02 07:00:00,2026-06-02 09:00:00,2026-06-02,9,Tuesday,0.16,0.10199404813052441,1319.02,12932.323250000001,435.975,10.3,109.0,0,0,0,0,0,0
2026-06-02 08:00:00,2026-06-02 10:00:00,2026-06-02,10,Tuesday,0.13,0.13267446242934122,1555.146,11721.517249999999,410.59000000000003,13.4,185.0,0,0,0,0,0,0
2026-06-02 09:00:00,2026-06-02 11:00:00,2026-06-02,11,Tuesday,0.12,0.15972766700823965,1919.3619999999999,12016.4655,404.7025,11.2,233.0,0,0,0,0,0,0
2026-06-02 10:00:00,2026-06-02 12:00:00,2026-06-02,12,Tuesday,0.12,0.14433080043335186,1837.4412499999999,12730.76325,438.195,12.9,147.0,0,0,0,0,0,0
2026-06-02 11:00:00,2026-06-02 13:00:00,2026-06-02,13,Tuesday,0.11,0.1596397249762641,2214.34275,13870.875499999998,441.9375,15.5,409.0,0,0,0,0,0,0
2026-06-02 12:00:00,2026-06-02 14:00:00,2026-06-02,14,Tuesday,0.12,0.1826819501588311,2407.8705,13180.669999999998,423.76,17.0,648.0,0,0,0,0,0,0
2026-06-02 13:00:00,2026-06-02 15:00:00,2026-06-02,15,Tuesday,0.12,0.2090498308805116,2568.2909999999997,12285.544500000002,399.925,9.0,165.0,0,0,0,0,0,0
2026-06-02 14:00:00,2026-06-02 16:00:00,2026-06-02,16,Tuesday,0.13,0.24236747357200766,3033.7785,12517.267499999998,393.15999999999997,16.3,106.0,0,0,0,0,0,0
2026-06-02 15:00:00,2026-06-02 17:00:00,2026-06-02,17,Tuesday,0.15,0.25267806412975974,3539.40725,14007.576250000002,384.47,12.5,267.0,0,0,0,0,0,0
2026-06-02 16:00:00,2026-06-02 18:00:00,2026-06-02,18,Tuesday,0.17,0.24105608089853844,3617.897,15008.528250000001,386.5025,13.3,302.0,0,0,0,0,0,0
2026-06-02 17:00:00,2026-06-02 19:00:00,2026-06-02,19,Tuesday,0.19,0.24885621025327348,3557.70425,14296.2245,382.4425,13.7,140.0,0,0,0,0,0,0
2026-06-02 18:00:00,2026-06-02 20:00:00,2026-06-02,20,Tuesday,0.19,0.22800684914021316,3081.3085,13514.105,388.6,9.1,56.0,0,0,0,0,0,0
2026-06-02 19:00:00,2026-06-02 21:00:00,2026-06-02,21,Tuesday,0.18,0.25046733222747386,3235.23675,12916.80125,374.4225,13.9,30.0,0,0,0,0,0,0
2026-06-02 20:00:00,2026-06-02 22:00:00,2026-06-02,22,Tuesday,0.17,0.26153270434002923,3413.4954999999995,13051.88775,369.2575,11.8,8.0,0,0,0,0,0,0
2026-06-02 21:00:00,2026-06-02 23:00:00,2026-06-02,23,Tuesday,0.15,0.2862971470313637,3454.6274999999996,12066.580249999999,355.7625,12.9,0.0,0,0,0,0,0,0
2026-06-02 22:00:00,2026-06-03 00:00:00,2026-06-03,0,Wednesday,0.13,0.3683203490265328,3803.81625,10327.467,322.7525,14.0,0.0,0,1,0,1,0,0
2026-06-02 23:00:00,2026-06-03 01:00:00,2026-06-03,1,Wednesday,0.13,0.37145501253142205,3599.5997500000003,9690.540250000002,326.1325,13.5,0.0,0,1,0,1,0,0
2026-06-03 00:00:00,2026-06-03 02:00:00,2026-06-03,2,Wednesday,0.12,0.34624983475181165,3275.266,9459.2565,337.795,11.6,0.0,0,1,0,1,0,0
2026-06-03 01:00:00,2026-06-03 03:00:00,2026-06-03,3,Wednesday,0.12,0.31717483212129155,2912.97275,9184.123249999999,349.8825,11.9,0.0,0,0,0,0,0,0
2026-06-03 02:00:00,2026-06-03 04:00:00,2026-06-03,4,Wednesday,0.12,0.3410854966084671,3268.5535,9582.798250000002,333.0575,8.9,0.0,0,1,0,1,0,0
2026-06-03 03:00:00,2026-06-03 05:00:00,2026-06-03,5,Wednesday,0.13,0.32496589064316517,3063.6425,9427.581750000001,337.1075,14.4,0.0,0,1,0,1,0,0
2026-06-03 04:00:00,2026-06-03 06:00:00,2026-06-03,6,Wednesday,0.15,0.2859411533909809,2953.58275,10329.33775,359.525,13.7,3.0,0,0,0,0,0,0
2026-06-03 05:00:00,2026-06-03 07:00:00,2026-06-03,7,Wednesday,0.16,0.24845712629406055,2910.98475,11716.24575,381.9925,13.3,41.0,0,0,0,0,0,0
2026-06-03 06:00:00,2026-06-03 08:00:00,2026-06-03,8,Wednesday,0.16,0.2139158333338216,2738.17775,12800.2575,400.755,13.5,181.0,0,0,0,0,0,0
2026-06-03 07:00:00,2026-06-03 09:00:00,2026-06-03,9,Wednesday,0.12,0.23162159400512078,3119.0842500000003,13466.293000000001,389.7525,14.1,290.0,0,0,0,0,0,0
2026-06-03 08:00:00,2026-06-03 10:00:00,2026-06-03,10,Wednesday,0.1,0.2614663682800193,4098.9725,15676.86325,377.10249999999996,14.9,463.0,0,0,0,0,0,0
2026-06-03 09:00:00,2026-06-03 11:00:00,2026-06-03,11,Wednesday,0.08,0.27486198302664683,4841.133250000001,17612.960499999997,381.735,18.0,472.0,1,0,0,0,0,0
2026-06-03 10:00:00,2026-06-03 12:00:00,2026-06-03,12,Wednesday,0.06,0.2849896056237077,5447.446,19114.542749999997,375.1825,19.8,572.0,1,0,0,0,0,0
2026-06-03 11:00:00,2026-06-03 13:00:00,2026-06-03,13,Wednesday,0.04,0.2918354286510173,5787.244,19830.505250000002,371.3675,20.5,588.0,1,0,0,0,0,0
2026-06-03 12:00:00,2026-06-03 14:00:00,2026-06-03,14,Wednesday,0.04,0.27648559345565277,5305.2675,19188.224000000002,379.0825,20.1,773.0,1,0,0,0,0,0
2026-06-03 13:00:00,2026-06-03 15:00:00,2026-06-03,15,Wednesday,0.05,0.2900184605151715,5261.97575,18143.589,370.46000000000004,21.5,527.0,1,0,0,0,0,0
2026-06-03 14:00:00,2026-06-03 16:00:00,2026-06-03,16,Wednesday,0.08,0.33435628689368146,5191.63725,15527.26075,344.47749999999996,21.4,501.0,1,0,0,0,0,0
2026-06-03 15:00:00,2026-06-03 17:00:00,2026-06-03,17,Wednesday,0.11,0.3898104435518524,5192.39975,13320.31975,308.7,23.3,547.0,0,1,0,1,0,0
2026-06-03 16:00:00,2026-06-03 18:00:00,2026-06-03,18,Wednesday,0.13,0.40543014629012886,5306.747249999999,13089.177749999999,298.175,20.5,225.0,0,1,0,1,0,0
2026-06-03 17:00:00,2026-06-03 19:00:00,2026-06-03,19,Wednesday,0.15,0.4014940180868243,5368.5335,13371.391,309.01,19.5,103.0,0,1,0,1,0,0
2026-06-03 18:00:00,2026-06-03 20:00:00,2026-06-03,20,Wednesday,0.16,0.39932610088722315,5644.081,14134.01475,319.6975,22.1,71.0,0,1,0,1,0,0
2026-06-03 19:00:00,2026-06-03 21:00:00,2026-06-03,21,Wednesday,0.15,0.4268503091087075,6022.2035,14108.467,300.6675,23.2,69.0,0,1,0,1,0,0
2026-06-03 20:00:00,2026-06-03 22:00:00,2026-06-03,22,Wednesday,0.13,0.4682546697222002,6276.68425,13404.424249999998,271.485,21.7,11.0,0,1,0,1,0,0
2026-06-03 21:00:00,2026-06-03 23:00:00,2026-06-03,23,Wednesday,0.11,0.49079763128521336,6294.09275,12824.211749999999,250.6475,19.1,0.0,0,1,0,1,0,0
2026-06-03 22:00:00,2026-06-04 00:00:00,2026-06-04,0,Thursday,0.1,0.5172407150497532,6135.3935,11861.775999999998,227.13,18.2,0.0,0,1,0,1,0,0
2026-06-03 23:00:00,2026-06-04 01:00:00,2026-06-04,1,Thursday,0.08,0.540510081628603,6186.7215,11446.079749999999,207.95499999999998,18.0,0.0,1,1,1,1,1,0
2026-06-04 00:00:00,2026-06-04 02:00:00,2026-06-04,2,Thursday,0.07,0.5625451218156473,6167.19975,10963.031250000002,181.62,19.1,0.0,1,1,1,1,1,0
2026-06-04 01:00:00,2026-06-04 03:00:00,2026-06-04,3,Thursday,0.07,0.5696066395775383,6028.02275,10582.78175,176.79250000000002,17.5,0.0,1,1,1,1,1,0
2026-06-04 02:00:00,2026-06-04 04:00:00,2026-06-04,4,Thursday,0.07,0.5648674810490157,5884.05975,10416.70825,181.035,15.7,0.0,1,1,1,1,1,0
2026-06-04 03:00:00,2026-06-04 05:00:00,2026-06-04,5,Thursday,0.07,0.5497255689430876,5650.976000000001,10279.631000000001,190.55,16.1,0.0,1,1,1,1,1,0
2026-06-04 04:00:00,2026-06-04 06:00:00,2026-06-04,6,Thursday,0.08,0.5396534551707733,5846.782,10834.327000000001,196.0875,16.0,7.0,1,1,1,1,1,0
2026-06-04 05:00:00,2026-06-04 07:00:00,2026-06-04,7,Thursday,0.1,0.4885100363053093,5878.2845,12033.0885,223.1825,16.6,63.0,0,1,0,1,0,0
2026-06-04 06:00:00,2026-06-04 08:00:00,2026-06-04,8,Thursday,0.08,0.4433299488014865,5848.7915,13192.8635,248.945,16.4,154.0,1,1,1,1,1,0
2026-06-04 07:00:00,2026-06-04 09:00:00,2026-06-04,9,Thursday,0.05,0.40638392112038196,5766.929,14190.839499999998,276.34749999999997,18.0,202.0,1,1,1,1,1,0
2026-06-04 08:00:00,2026-06-04 10:00:00,2026-06-04,10,Thursday,0.0,0.3663301148961806,5203.853999999999,14205.367750000001,293.5175,14.7,299.0,1,1,1,1,1,0
2026-06-04 09:00:00,2026-06-04 11:00:00,2026-06-04,11,Thursday,0.0,0.37098404844635713,5776.56025,15570.912750000001,314.5675,15.1,469.0,1,1,1,1,1,0
2026-06-04 10:00:00,2026-06-04 12:00:00,2026-06-04,12,Thursday,0.0,0.3596212178788304,5694.749250000001,15835.409500000002,322.84000000000003,16.4,466.0,1,1,1,1,1,0
2026-06-04 11:00:00,2026-06-04 13:00:00,2026-06-04,13,Thursday,0.0,0.3385490990968843,5525.6375,16321.52475,335.4775,17.6,362.0,1,1,1,1,1,0
2026-06-04 12:00:00,2026-06-04 14:00:00,2026-06-04,14,Thursday,0.0,0.29999022139218007,5101.02,17003.95425,358.28999999999996,20.6,593.0,1,0,0,0,0,0
2026-06-04 13:00:00,2026-06-04 15:00:00,2026-06-04,15,Thursday,0.0,0.273620629012711,4733.54775,17299.67425,373.255,23.4,711.0,1,0,0,0,0,0
2026-06-04 14:00:00,2026-06-04 16:00:00,2026-06-04,16,Thursday,0.02,0.3126364675904944,5688.10625,18193.994749999998,353.2975,24.4,564.0,1,0,0,0,0,0
2026-06-04 15:00:00,2026-06-04 17:00:00,2026-06-04,17,Thursday,0.07,0.2699521492154138,4054.3637500000004,15018.823750000001,370.725,25.2,650.0,1,0,0,0,0,0
2026-06-04 16:00:00,2026-06-04 18:00:00,2026-06-04,18,Thursday,0.11,0.37868622474514013,6005.94175,15859.942500000001,311.78499999999997,23.4,508.0,0,1,0,1,0,0
2026-06-04 17:00:00,2026-06-04 19:00:00,2026-06-04,19,Thursday,0.12,0.42421232836459877,6343.127,14952.71725,282.0675,22.4,347.0,0,1,0,1,0,0
2026-06-04 18:00:00,2026-06-04 20:00:00,2026-06-04,20,Thursday,0.13,0.46333647851006016,6149.973499999999,13273.233999999999,248.195,17.1,176.0,0,1,0,1,0,0
2026-06-04 19:00:00,2026-06-04 21:00:00,2026-06-04,21,Thursday,0.13,0.49594953471057995,6166.3475,12433.417250000002,226.1675,19.0,60.0,0,1,0,1,0,0
2026-06-04 20:00:00,2026-06-04 22:00:00,2026-06-04,22,Thursday,0.12,0.5203720678389223,6183.3825,11882.618,212.2625,13.9,17.0,0,1,0,1,0,0
2026-06-04 21:00:00,2026-06-04 23:00:00,2026-06-04,23,Thursday,0.11,0.5099578574268713,5976.5735,11719.74,214.1375,16.1,0.0,0,1,0,1,0,0
2026-06-05 05:00:00,2026-06-05 07:00:00,2026-06-05,7,Friday,0.13,0.3424937308849035,3221.473,9405.93275,183.0725,13.4,50.0,0,1,0,1,0,0
2026-06-05 06:00:00,2026-06-05 08:00:00,2026-06-05,8,Friday,0.15,0.27194870003447125,2946.5899999999997,10835.095000000001,252.925,11.3,124.0,0,1,0,1,0,0
2026-06-05 07:00:00,2026-06-05 09:00:00,2026-06-05,9,Friday,0.13,0.2062725002271125,2488.008,12061.75325,300.2775,14.6,319.0,0,1,0,1,0,0
2026-06-05 08:00:00,2026-06-05 10:00:00,2026-06-05,10,Friday,0.11,0.1522015829170958,1975.4117499999998,12978.91725,340.195,13.2,459.0,0,1,0,1,0,0
2026-06-05 09:00:00,2026-06-05 11:00:00,2026-06-05,11,Friday,0.1,0.11523245291348329,1550.2269999999999,13453.04175,363.175,14.1,580.0,0,0,0,0,0,0
2026-06-05 10:00:00,2026-06-05 12:00:00,2026-06-05,12,Friday,0.07,0.09583239785563115,1320.65075,13780.837999999998,368.95,13.7,687.0,1,0,0,0,0,0
2026-06-05 11:00:00,2026-06-05 13:00:00,2026-06-05,13,Friday,0.04,0.09254805435097992,1357.6682500000002,14669.873500000002,403.01750000000004,13.9,781.0,1,0,0,0,0,0
2026-06-05 12:00:00,2026-06-05 14:00:00,2026-06-05,14,Friday,0.02,0.10195854146304217,1504.9719999999998,14760.627,402.82,13.5,795.0,1,0,0,0,0,0
2026-06-05 13:00:00,2026-06-05 15:00:00,2026-06-05,15,Friday,0.05,0.11149100578121128,1607.3422500000001,14416.788499999999,407.19,13.2,747.0,1,0,0,0,0,0
2026-06-05 14:00:00,2026-06-05 16:00:00,2026-06-05,16,Friday,0.08,0.12793398883725401,1753.65125,13707.469500000001,397.4775,12.9,735.0,1,0,0,0,0,0
2026-06-05 15:00:00,2026-06-05 17:00:00,2026-06-05,17,Friday,0.12,0.12525678383617267,1568.3845,12521.353749999998,402.5525,12.9,662.0,0,0,0,0,0,0
2026-06-05 16:00:00,2026-06-05 18:00:00,2026-06-05,18,Friday,0.15,0.10697790500192579,1394.79325,13038.14325,439.0325,12.7,510.0,0,0,0,0,0,0
2026-06-05 17:00:00,2026-06-05 19:00:00,2026-06-05,19,Friday,0.18,0.08989598786978512,1167.41175,12986.24975,427.6925,10.8,381.0,0,0,0,0,0,0
2026-06-05 18:00:00,2026-06-05 20:00:00,2026-06-05,20,Friday,0.22,0.09708298762389414,1170.2984999999999,12054.61975,415.8675,7.8,249.0,0,0,0,0,0,0
2026-06-05 19:00:00,2026-06-05 21:00:00,2026-06-05,21,Friday,0.23,0.09046178708459146,1021.24625,11289.255750000002,397.93,4.8,98.0,0,0,0,0,0,0
2026-06-05 20:00:00,2026-06-05 22:00:00,2026-06-05,22,Friday,0.21,0.08824772527098541,1007.00225,11411.0845,405.4625,3.9,19.0,0,0,0,0,0,0
2026-06-05 21:00:00,2026-06-05 23:00:00,2026-06-05,23,Friday,0.18,0.08765179179419882,975.43875,11128.566,399.545,5.0,0.0,0,0,0,0,0,0
2026-06-05 22:00:00,2026-06-06 00:00:00,2026-06-06,0,Saturday,0.18,0.09411449537993581,997.5565,10599.392749999999,406.18,6.2,0.0,0,0,0,0,0,0
2026-06-05 23:00:00,2026-06-06 01:00:00,2026-06-06,1,Saturday,0.16,0.09862294544099638,1025.00775,10393.1975,400.745,6.7,0.0,0,0,0,0,0,0
2026-06-06 00:00:00,2026-06-06 02:00:00,2026-06-06,2,Saturday,0.16,0.09063960095879028,926.182,10218.293,419.085,8.3,0.0,0,0,0,0,0,0
2026-06-06 01:00:00,2026-06-06 03:00:00,2026-06-06,3,Saturday,0.15,0.1079785656039367,1068.99525,9900.069,388.9875,6.5,0.0,0,0,0,0,0,0
2026-06-06 02:00:00,2026-06-06 04:00:00,2026-06-06,4,Saturday,0.15,0.1336857510261222,1301.39175,9734.708,400.5925,10.8,0.0,0,0,0,0,0,0
2026-06-06 03:00:00,2026-06-06 05:00:00,2026-06-06,5,Saturday,0.15,0.15414338838785133,1384.1014999999998,8979.3115,396.7275,10.4,0.0,0,0,0,0,0,0
2026-06-06 04:00:00,2026-06-06 06:00:00,2026-06-06,6,Saturday,0.15,0.17400300185863962,1567.78175,9010.0845,384.025,11.5,8.0,0,0,0,0,0,0
2026-06-06 05:00:00,2026-06-06 07:00:00,2026-06-06,7,Saturday,0.13,0.1937068719037827,1788.24925,9231.728500000001,392.03,4.7,41.0,0,0,0,0,0,0
2026-06-06 06:00:00,2026-06-06 08:00:00,2026-06-06,8,Saturday,0.11,0.20613661583735038,2139.2757500000002,10377.95125,404.145,9.0,190.0,0,0,0,0,0,0
2026-06-06 07:00:00,2026-06-06 09:00:00,2026-06-06,9,Saturday,0.07,0.14264722525075593,1550.9995000000001,10872.9735,409.075,10.1,233.0,1,0,0,0,0,0
2026-06-06 08:00:00,2026-06-06 10:00:00,2026-06-06,10,Saturday,0.04,0.12984315773154143,1636.48525,12603.554,439.5375,12.2,305.0,1,0,0,0,0,0
2026-06-06 09:00:00,2026-06-06 11:00:00,2026-06-06,11,Saturday,0.0,0.11575738337407036,1564.24075,13513.096999999998,445.145,14.4,326.0,1,0,0,0,0,0
2026-06-06 10:00:00,2026-06-06 12:00:00,2026-06-06,12,Saturday,0.0,0.11747284694253886,1612.355,13725.341999999999,444.8175,17.3,75.0,1,0,0,0,0,0
2026-06-06 11:00:00,2026-06-06 13:00:00,2026-06-06,13,Saturday,0.0,0.13057989230249764,1659.5367500000002,12708.97625,416.8525,16.2,580.0,1,0,0,0,0,0
2026-06-06 12:00:00,2026-06-06 14:00:00,2026-06-06,14,Saturday,0.0,0.13213524753004047,1551.2169999999999,11739.6155,404.2675,13.7,312.0,1,0,0,0,0,0
2026-06-06 13:00:00,2026-06-06 15:00:00,2026-06-06,15,Saturday,0.01,0.21294546989034488,2370.7455,11133.11075,336.685,13.3,290.0,1,1,1,1,1,0
2026-06-06 14:00:00,2026-06-06 16:00:00,2026-06-06,16,Saturday,0.05,0.3341036890129093,3677.5277499999997,11007.145,254.23,14.0,165.0,1,1,1,1,1,0
2026-06-06 15:00:00,2026-06-06 17:00:00,2026-06-06,17,Saturday,0.11,0.2975673808167778,3552.8355,11939.599999999999,310.6225,13.3,40.0,0,1,0,1,0,0
2026-06-06 16:00:00,2026-06-06 18:00:00,2026-06-06,18,Saturday,0.15,0.30824838363857315,4162.84225,13504.83075,342.26,10.8,80.0,0,0,0,0,0,0
2026-06-06 17:00:00,2026-06-06 19:00:00,2026-06-06,19,Saturday,0.16,0.30538731128898683,4322.371,14153.73475,355.255,11.9,198.0,0,0,0,0,0,0
2026-06-06 18:00:00,2026-06-06 20:00:00,2026-06-06,20,Saturday,0.18,0.3392613048002363,4858.35725,14320.399000000001,333.255,12.6,127.0,0,1,0,1,0,0
2026-06-06 19:00:00,2026-06-06 21:00:00,2026-06-06,21,Saturday,0.17,0.3628555331641093,5335.347750000001,14703.7795,322.09,19.8,105.0,0,1,0,1,0,0
2026-06-06 20:00:00,2026-06-06 22:00:00,2026-06-06,22,Saturday,0.16,0.3670950500754937,5481.11675,14931.055999999999,326.43,20.5,6.0,0,1,0,1,0,0
2026-06-06 21:00:00,2026-06-06 23:00:00,2026-06-06,23,Saturday,0.13,0.3925107889993234,5712.7395,14554.35025,310.33500000000004,24.1,0.0,0,1,0,1,0,0
2026-06-06 22:00:00,2026-06-07 00:00:00,2026-06-07,0,Sunday,0.12,0.4637149272357081,6024.943249999999,12992.773999999998,239.1875,19.4,0.0,0,1,0,1,0,0
2026-06-06 23:00:00,2026-06-07 01:00:00,2026-06-07,1,Sunday,0.11,0.5008444054954045,6306.037249999999,12590.811,202.605,26.6,0.0,0,1,0,1,0,0
2026-06-07 00:00:00,2026-06-07 02:00:00,2026-06-07,2,Sunday,0.1,0.5125972318901998,6344.55575,12377.27275,171.315,25.9,0.0,0,1,0,1,0,0
2026-06-07 01:00:00,2026-06-07 03:00:00,2026-06-07,3,Sunday,0.08,0.5554761173083578,6500.93725,11703.360499999999,96.285,25.9,0.0,1,1,1,1,1,0
2026-06-07 02:00:00,2026-06-07 04:00:00,2026-06-07,4,Sunday,0.07,0.5626238992985735,6481.96125,11520.948999999999,94.36,24.5,0.0,1,1,1,1,1,0
2026-06-07 03:00:00,2026-06-07 05:00:00,2026-06-07,5,Sunday,0.05,0.5683573222176586,6372.51025,11212.15475,96.815,27.4,0.0,1,1,1,1,1,0
2026-06-07 04:00:00,2026-06-07 06:00:00,2026-06-07,6,Sunday,0.01,0.5506504463603212,6031.2625,10952.978499999997,95.5275,24.5,0.0,1,1,1,1,1,0
2026-06-07 05:00:00,2026-06-07 07:00:00,2026-06-07,7,Sunday,0.0,0.5028682432762699,5298.29675,10536.153,149.55,21.2,7.0,1,1,1,1,1,0
2026-06-07 06:00:00,2026-06-07 08:00:00,2026-06-07,8,Sunday,0.0,0.47816146948565846,4917.5067500000005,10284.197,171.3625,21.6,7.0,1,1,1,1,1,0
2026-06-07 07:00:00,2026-06-07 09:00:00,2026-06-07,9,Sunday,-0.01,0.3550872896221807,3179.7819999999997,8954.9305,236.6025,20.9,7.0,1,1,1,1,1,1
2026-06-07 08:00:00,2026-06-07 10:00:00,2026-06-07,10,Sunday,-0.01,0.31353905832961393,3035.7775,9682.2945,285.2925,19.8,38.0,1,1,1,1,1,1
2026-06-07 09:00:00,2026-06-07 11:00:00,2026-06-07,11,Sunday,-0.01,0.2818343136355787,2728.925,9682.728000000001,323.615,18.4,39.0,1,1,1,1,1,1
2026-06-07 10:00:00,2026-06-07 12:00:00,2026-06-07,12,Sunday,-0.02,0.20658316846038213,2238.79525,10837.258749999999,369.785,15.5,207.0,1,0,0,0,0,1
2026-06-07 11:00:00,2026-06-07 13:00:00,2026-06-07,13,Sunday,-0.05,0.17657484322508685,2015.03375,11411.782749999998,417.7175,16.9,490.0,1,0,0,0,0,1
2026-06-07 12:00:00,2026-06-07 14:00:00,2026-06-07,14,Sunday,-0.05,0.17971390940196802,2154.67475,11989.471249999999,440.48,18.0,679.0,1,0,0,0,0,1
2026-06-07 13:00:00,2026-06-07 15:00:00,2026-06-07,15,Sunday,-0.05,0.15986082797280965,1907.1829999999998,11930.271,452.0575,15.8,847.0,1,0,0,0,0,1
2026-06-07 14:00:00,2026-06-07 16:00:00,2026-06-07,16,Sunday,-0.02,0.16991394827996956,1956.9085,11517.05625,446.71000000000004,15.5,646.0,1,0,0,0,0,1
2026-06-07 15:00:00,2026-06-07 17:00:00,2026-06-07,17,Sunday,0.0,0.3032338860280106,3883.8442499999996,12808.08125,339.15,12.6,520.0,1,1,1,1,1,0
2026-06-07 16:00:00,2026-06-07 18:00:00,2026-06-07,18,Sunday,0.06,0.36950802752983025,4717.18225,12766.11575,270.0825,12.6,470.0,1,1,1,1,1,0
2026-06-07 17:00:00,2026-06-07 19:00:00,2026-06-07,19,Sunday,0.12,0.3249020381369236,4047.7037499999997,12458.228250000002,329.0125,15.8,347.0,0,1,0,1,0,0
2026-06-07 18:00:00,2026-06-07 20:00:00,2026-06-07,20,Sunday,0.16,0.297215033762689,3730.6275,12551.947500000002,355.395,18.4,111.0,0,0,0,0,0,0
2026-06-07 19:00:00,2026-06-07 21:00:00,2026-06-07,21,Sunday,0.17,0.28652802693674123,3390.2472500000003,11832.16625,368.375,10.8,45.0,0,0,0,0,0,0
2026-06-07 20:00:00,2026-06-07 22:00:00,2026-06-07,22,Sunday,0.17,0.27457061927084253,3210.5269999999996,11692.90075,377.7075,9.7,17.0,0,0,0,0,0,0
2026-06-07 21:00:00,2026-06-07 23:00:00,2026-06-07,23,Sunday,0.17,0.2761907579531643,3153.0562499999996,11416.226499999999,360.975,9.0,0.0,0,0,0,0,0,0
2026-06-07 22:00:00,2026-06-08 00:00:00,2026-06-08,0,Monday,0.17,0.2517953235990224,2607.78575,10356.768,360.735,11.2,0.0,0,0,0,0,0,0
2026-06-07 23:00:00,2026-06-08 01:00:00,2026-06-08,1,Monday,0.16,0.23561655251132343,2482.458,10536.0085,372.3275,11.2,0.0,0,0,0,0,0,0
2026-06-08 00:00:00,2026-06-08 02:00:00,2026-06-08,2,Monday,0.16,0.22797914124516028,2395.8475000000003,10509.064500000002,375.265,10.8,0.0,0,0,0,0,0,0
2026-06-08 01:00:00,2026-06-08 03:00:00,2026-06-08,3,Monday,0.16,0.22905998553000934,2412.96725,10534.2155,378.71999999999997,14.8,0.0,0,0,0,0,0,0
2026-06-08 02:00:00,2026-06-08 04:00:00,2026-06-08,4,Monday,0.16,0.21376599910712496,2261.616,10579.86775,384.1125,12.6,0.0,0,0,0,0,0,0
2026-06-08 03:00:00,2026-06-08 05:00:00,2026-06-08,5,Monday,0.17,0.19642534587073657,2050.09325,10437.009750000001,382.7,12.2,0.0,0,0,0,0,0,0
2026-06-08 04:00:00,2026-06-08 06:00:00,2026-06-08,6,Monday,0.19,0.1551273985062466,1800.263,11605.0615,408.01750000000004,11.5,4.0,0,0,0,0,0,0
2026-06-08 05:00:00,2026-06-08 07:00:00,2026-06-08,7,Monday,0.18,0.14602983054760046,1794.0387500000002,12285.4265,421.1,10.1,44.0,0,0,0,0,0,0
2026-06-08 06:00:00,2026-06-08 08:00:00,2026-06-08,8,Monday,0.16,0.148274744491776,1844.9855,12443.01925,422.6725,10.8,116.0,0,0,0,0,0,0
2026-06-08 07:00:00,2026-06-08 09:00:00,2026-06-08,9,Monday,0.15,0.16428918268959078,1925.99125,11723.1775,409.21999999999997,16.6,171.0,0,0,0,0,0,0
2026-06-08 08:00:00,2026-06-08 10:00:00,2026-06-08,10,Monday,0.13,0.16548268044077008,1936.1512500000001,11700.0235,396.4925,10.8,129.0,0,0,0,0,0,0
2026-06-08 09:00:00,2026-06-08 11:00:00,2026-06-08,11,Monday,0.1,0.1694861072691947,1989.004,11735.498749999999,388.935,8.6,121.0,0,0,0,0,0,0
2026-06-08 10:00:00,2026-06-08 12:00:00,2026-06-08,12,Monday,0.1,0.13076742419217652,1561.9650000000001,11944.60325,416.9775,11.2,267.0,0,0,0,0,0,0
2026-06-08 11:00:00,2026-06-08 13:00:00,2026-06-08,13,Monday,0.1,0.09936939114323744,1240.42175,12482.936000000002,462.33500000000004,10.4,47.0,0,0,0,0,0,0
2026-06-08 12:00:00,2026-06-08 14:00:00,2026-06-08,14,Monday,0.1,0.08055712718418294,960.6435,11924.997,466.4925,12.6,38.0,0,0,0,0,0,0
2026-06-08 13:00:00,2026-06-08 15:00:00,2026-06-08,15,Monday,0.11,0.100724197517693,1199.967,11913.393500000002,466.96000000000004,9.0,704.0,0,0,0,0,0,0
2026-06-08 14:00:00,2026-06-08 16:00:00,2026-06-08,16,Monday,0.12,0.14858567246458426,1755.49325,11814.68725,420.9175,11.2,731.0,0,0,0,0,0,0
2026-06-08 15:00:00,2026-06-08 17:00:00,2026-06-08,17,Monday,0.15,0.17123540180981814,2284.6375,13342.08625,414.8175,3.2,263.0,0,0,0,0,0,0
2026-06-08 16:00:00,2026-06-08 18:00:00,2026-06-08,18,Monday,0.17,0.18461281227249524,2538.9435,13752.802249999999,382.1825,17.3,66.0,0,0,0,0,0,0
2026-06-08 17:00:00,2026-06-08 19:00:00,2026-06-08,19,Monday,0.23,0.23616947757490783,3404.7547499999996,14416.574,362.18,18.7,36.0,0,0,0,0,0,0
2026-06-08 18:00:00,2026-06-08 20:00:00,2026-06-08,20,Monday,0.25,0.23957301377070567,3513.4487500000005,14665.46125,368.7175,9.7,4.0,0,0,0,0,0,0
2026-06-08 19:00:00,2026-06-08 21:00:00,2026-06-08,21,Monday,0.23,0.2284653615293639,3192.47775,13973.574499999999,370.395,15.8,14.0,0,0,0,0,0,0
2026-06-08 20:00:00,2026-06-08 22:00:00,2026-06-08,22,Monday,0.19,0.15084330433649396,1959.6247500000002,12991.1285,410.625,11.9,1.0,0,0,0,0,0,0
2026-06-08 21:00:00,2026-06-08 23:00:00,2026-06-08,23,Monday,0.15,0.14237536871983028,1606.2945,11282.109499999999,408.1025,11.9,0.0,0,0,0,0,0,0
2026-06-08 22:00:00,2026-06-09 00:00:00,2026-06-09,0,Tuesday,0.15,0.2416927164869919,2235.9049999999997,9251.023500000001,361.72249999999997,11.2,0.0,0,0,0,0,0,0
2026-06-08 23:00:00,2026-06-09 01:00:00,2026-06-09,1,Tuesday,0.13,0.3107465670615362,2712.50725,8729.0015,335.7075,11.5,0.0,0,1,0,1,0,0
2026-06-09 00:00:00,2026-06-09 02:00:00,2026-06-09,2,Tuesday,0.13,0.3021052045472566,2418.5190000000002,8005.552250000001,336.32,9.4,0.0,0,1,0,1,0,0
2026-06-09 01:00:00,2026-06-09 03:00:00,2026-06-09,3,Tuesday,0.12,0.3269705410286091,2632.67925,8051.73225,329.2925,7.6,0.0,0,1,0,1,0,0
2026-06-09 02:00:00,2026-06-09 04:00:00,2026-06-09,4,Tuesday,0.12,0.3959946367446295,3271.69175,8261.95975,295.265,15.1,0.0,0,1,0,1,0,0
2026-06-09 03:00:00,2026-06-09 05:00:00,2026-06-09,5,Tuesday,0.13,0.346896545240535,2822.77975,8137.237999999999,308.4975,14.0,0.0,0,1,0,1,0,0
2026-06-09 04:00:00,2026-06-09 06:00:00,2026-06-09,6,Tuesday,0.15,0.2784656922848977,2593.61275,9313.939999999999,350.5475,10.1,9.0,0,0,0,0,0,0
2026-06-09 05:00:00,2026-06-09 07:00:00,2026-06-09,7,Tuesday,0.16,0.19650823027507405,2129.2525,10835.43675,396.385,14.4,58.0,0,0,0,0,0,0
2026-06-09 06:00:00,2026-06-09 08:00:00,2026-06-09,8,Tuesday,0.15,0.1863037753390116,2430.7585,13047.28525,425.375,16.2,225.0,0,0,0,0,0,0
2026-06-09 07:00:00,2026-06-09 09:00:00,2026-06-09,9,Tuesday,0.12,0.17837340991105197,2723.2920000000004,15267.36525,444.505,13.7,377.0,0,0,0,0,0,0
2026-06-09 08:00:00,2026-06-09 10:00:00,2026-06-09,10,Tuesday,0.08,0.20918105473674967,3737.18375,17865.784999999996,425.48,13.3,523.0,1,0,0,0,0,0
2026-06-09 09:00:00,2026-06-09 11:00:00,2026-06-09,11,Tuesday,0.06,0.22769505683865585,4294.611000000001,18861.2395,406.9825,14.0,667.0,1,0,0,0,0,0
2026-06-09 10:00:00,2026-06-09 12:00:00,2026-06-09,12,Tuesday,0.02,0.2008882668001912,3786.839,18850.473749999997,421.105,18.4,768.0,1,0,0,0,0,0
2026-06-09 11:00:00,2026-06-09 13:00:00,2026-06-09,13,Tuesday,0.0,0.1941436882793977,3647.413,18787.183,424.495,17.3,693.0,1,0,0,0,0,0
2026-06-09 12:00:00,2026-06-09 14:00:00,2026-06-09,14,Tuesday,0.0,0.19304487504496426,3425.7827500000003,17746.0435,424.08,19.1,645.0,1,0,0,0,0,0
2026-06-09 13:00:00,2026-06-09 15:00:00,2026-06-09,15,Tuesday,0.0,0.23964587816949925,4315.5525,18008.03975,398.7775,19.8,707.0,1,0,0,0,0,0
2026-06-09 14:00:00,2026-06-09 16:00:00,2026-06-09,16,Tuesday,0.04,0.29138264818942716,5056.47025,17353.367749999998,371.2475,21.6,788.0,1,0,0,0,0,0
2026-06-09 15:00:00,2026-06-09 17:00:00,2026-06-09,17,Tuesday,0.07,0.3412130905321016,5555.6695,16282.11125,341.81,28.1,319.0,1,1,1,1,1,0
2026-06-09 16:00:00,2026-06-09 18:00:00,2026-06-09,18,Tuesday,0.12,0.35510548441770245,5482.8475,15440.053,334.15250000000003,23.0,167.0,0,1,0,1,0,0
2026-06-09 17:00:00,2026-06-09 19:00:00,2026-06-09,19,Tuesday,0.15,0.3123805130864265,4867.959,15583.427249999999,358.21750000000003,27.4,224.0,0,0,0,0,0,0
2026-06-09 18:00:00,2026-06-09 20:00:00,2026-06-09,20,Tuesday,0.18,0.30672306637221836,4598.459,14992.217749999998,353.8575,18.7,172.0,0,0,0,0,0,0
2026-06-09 19:00:00,2026-06-09 21:00:00,2026-06-09,21,Tuesday,0.18,0.3096129805257109,4378.10325,14140.5675,344.6225,19.4,105.0,0,0,0,0,0,0
2026-06-09 20:00:00,2026-06-09 22:00:00,2026-06-09,22,Tuesday,0.17,0.3135662759650497,4193.3597500000005,13373.120999999997,341.8575,14.0,28.0,0,0,0,0,0,0
2026-06-09 21:00:00,2026-06-09 23:00:00,2026-06-09,23,Tuesday,0.16,0.30779725889439247,4129.05175,13414.8425,342.8675,13.0,0.0,0,0,0,0,0,0
2026-06-09 22:00:00,2026-06-10 00:00:00,2026-06-10,0,Wednesday,0.15,0.32859803229879164,3978.4435,12107.326000000001,331.3825,14.4,0.0,0,1,0,1,0,0
2026-06-09 23:00:00,2026-06-10 01:00:00,2026-06-10,1,Wednesday,0.13,0.37228808271012975,4092.20075,10992.02725,310.6825,15.1,0.0,0,1,0,1,0,0
2026-06-10 00:00:00,2026-06-10 02:00:00,2026-06-10,2,Wednesday,0.12,0.3233358980765893,3304.59675,10220.32125,325.455,12.2,0.0,0,1,0,1,0,0
2026-06-10 01:00:00,2026-06-10 03:00:00,2026-06-10,3,Wednesday,0.12,0.3014060387908431,3038.3345,10080.53625,329.0675,21.2,0.0,0,1,0,1,0,0
2026-06-10 02:00:00,2026-06-10 04:00:00,2026-06-10,4,Wednesday,0.12,0.3568472327306814,3490.25525,9780.810749999999,312.2775,15.8,0.0,0,1,0,1,0,0
2026-06-10 03:00:00,2026-06-10 05:00:00,2026-06-10,5,Wednesday,0.13,0.3231329571833945,3059.33325,9467.722749999999,328.86,14.8,0.0,0,1,0,1,0,0
2026-06-10 04:00:00,2026-06-10 06:00:00,2026-06-10,6,Wednesday,0.15,0.23913337932945863,2486.2435,10396.89025,365.555,10.4,10.0,0,0,0,0,0,0
2026-06-10 05:00:00,2026-06-10 07:00:00,2026-06-10,7,Wednesday,0.16,0.18274229372140044,2118.54,11593.046999999999,397.515,11.2,71.0,0,0,0,0,0,0
2026-06-10 06:00:00,2026-06-10 08:00:00,2026-06-10,8,Wednesday,0.15,0.15648544519378974,2077.32625,13274.88475,431.9675,13.3,220.0,0,0,0,0,0,0
2026-06-10 07:00:00,2026-06-10 09:00:00,2026-06-10,9,Wednesday,0.11,0.1391389294404911,1827.99675,13137.924500000003,416.8525,11.9,293.0,0,0,0,0,0,0
2026-06-10 08:00:00,2026-06-10 10:00:00,2026-06-10,10,Wednesday,0.1,0.13751488821041197,1980.651,14403.174999999997,416.865,12.6,461.0,0,0,0,0,0,0
2026-06-10 09:00:00,2026-06-10 11:00:00,2026-06-10,11,Wednesday,0.07,0.1509933621929787,2272.55825,15050.71625,414.0725,27.4,381.0,1,0,0,0,0,0
2026-06-10 10:00:00,2026-06-10 12:00:00,2026-06-10,12,Wednesday,0.07,0.17274580733396408,2643.774,15304.417749999999,415.5275,15.1,398.0,1,0,0,0,0,0
2026-06-10 11:00:00,2026-06-10 13:00:00,2026-06-10,13,Wednesday,0.07,0.15552173592911028,2426.3815,15601.55875,445.675,12.6,598.0,1,0,0,0,0,0
2026-06-10 12:00:00,2026-06-10 14:00:00,2026-06-10,14,Wednesday,0.08,0.1383486029578729,2313.1075,16719.4135,465.35249999999996,16.2,506.0,1,0,0,0,0,0
2026-06-10 13:00:00,2026-06-10 15:00:00,2026-06-10,15,Wednesday,0.1,0.1428793022640003,2331.1079999999997,16315.22525,463.45500000000004,15.1,471.0,0,0,0,0,0,0
2026-06-10 14:00:00,2026-06-10 16:00:00,2026-06-10,16,Wednesday,0.11,0.16981718659363615,2628.32275,15477.366,447.02250000000004,13.3,665.0,0,0,0,0,0,0
2026-06-10 15:00:00,2026-06-10 17:00:00,2026-06-10,17,Wednesday,0.13,0.1447340564601887,2147.3325,14836.401,447.16499999999996,13.7,662.0,0,0,0,0,0,0
2026-06-10 16:00:00,2026-06-10 18:00:00,2026-06-10,18,Wednesday,0.16,0.08360723577318505,1220.10075,14593.243499999999,466.28499999999997,14.0,279.0,0,0,0,0,0,0
2026-06-10 17:00:00,2026-06-10 19:00:00,2026-06-10,19,Wednesday,0.19,0.07259179610763393,986.542,13590.2685,452.3725,13.0,247.0,0,0,0,0,0,0
2026-06-10 18:00:00,2026-06-10 20:00:00,2026-06-10,20,Wednesday,0.24,0.06242203537743943,770.39625,12341.735499999999,448.1575,9.0,145.0,0,0,0,0,0,0
2026-06-10 19:00:00,2026-06-10 21:00:00,2026-06-10,21,Wednesday,0.24,0.08618717211242728,978.3865,11351.880749999998,427.3225,6.1,65.0,0,0,0,0,0,0
2026-06-10 20:00:00,2026-06-10 22:00:00,2026-06-10,22,Wednesday,0.21,0.05460740111331778,603.784,11056.816249999998,433.585,5.0,3.0,0,0,0,0,0,0
2026-06-10 21:00:00,2026-06-10 23:00:00,2026-06-10,23,Wednesday,0.18,0.05020756440513288,541.5685,10786.59175,448.435,5.4,0.0,0,0,0,0,0,0
2026-06-10 22:00:00,2026-06-11 00:00:00,2026-06-11,0,Thursday,0.17,0.056372858784005726,593.574,10529.428750000001,424.6,11.9,0.0,0,0,0,0,0,0
2026-06-10 23:00:00,2026-06-11 01:00:00,2026-06-11,1,Thursday,0.16,0.07991758802959482,826.45475,10341.3375,419.5575,8.3,0.0,0,0,0,0,0,0
2026-06-11 00:00:00,2026-06-11 02:00:00,2026-06-11,2,Thursday,0.15,0.07997903768531366,813.39925,10170.1555,435.865,8.3,0.0,0,0,0,0,0,0
2026-06-11 01:00:00,2026-06-11 03:00:00,2026-06-11,3,Thursday,0.15,0.0608395678145059,609.5197499999999,10018.476000000002,441.13,10.1,0.0,0,0,0,0,0,0
2026-06-11 02:00:00,2026-06-11 04:00:00,2026-06-11,4,Thursday,0.15,0.05584193912287708,552.2605,9889.7085,439.38,10.1,0.0,0,0,0,0,0,0
2026-06-11 03:00:00,2026-06-11 05:00:00,2026-06-11,5,Thursday,0.15,0.05107175893313384,517.474,10132.2925,439.97,8.6,0.0,0,0,0,0,0,0
2026-06-11 04:00:00,2026-06-11 06:00:00,2026-06-11,6,Thursday,0.17,0.05292790659405358,605.5654999999999,11441.32725,428.0375,7.6,3.0,0,0,0,0,0,0
2026-06-11 05:00:00,2026-06-11 07:00:00,2026-06-11,7,Thursday,0.17,0.0562369080838866,786.94375,13993.367999999999,456.11,7.2,93.0,0,0,0,0,0,0
2026-06-11 06:00:00,2026-06-11 08:00:00,2026-06-11,8,Thursday,0.16,0.053016026818636056,830.1285,15658.066999999997,486.4625,7.9,81.0,0,0,0,0,0,0
2026-06-11 07:00:00,2026-06-11 09:00:00,2026-06-11,9,Thursday,0.13,0.06364963341187399,926.5480000000001,14557.004500000001,501.05,11.5,327.0,0,0,0,0,0,0
2026-06-29 00:00:00,2026-06-29 02:00:00,2026-06-29,2,Monday,0.13,0.1509163822693816,1929.0135,12782.002,465.84999999999997,14.0,0.0,0,0,0,0,0,0
2026-06-29 01:00:00,2026-06-29 03:00:00,2026-06-29,3,Monday,0.13,0.11292950368518131,1366.7475,12102.660999999998,490.0325,13.7,0.0,0,0,0,0,0,0
2026-06-29 02:00:00,2026-06-29 04:00:00,2026-06-29,4,Monday,0.13,0.08068626888532335,944.767,11709.14225,504.995,13.3,0.0,0,0,0,0,0,0
2026-06-29 03:00:00,2026-06-29 05:00:00,2026-06-29,5,Monday,0.16,0.08404051311465419,999.3787500000001,11891.63075,502.1125,13.7,0.0,0,0,0,0,0,0
2026-06-29 04:00:00,2026-06-29 06:00:00,2026-06-29,6,Monday,0.18,0.07726636639480586,982.31575,12713.367999999999,496.1975,12.6,8.0,0,0,0,0,0,0
2026-06-29 05:00:00,2026-06-29 07:00:00,2026-06-29,7,Monday,0.18,0.05712931020428881,802.49125,14046.927,484.8125,7.2,81.0,0,0,0,0,0,0
2026-06-29 06:00:00,2026-06-29 08:00:00,2026-06-29,8,Monday,0.17,0.05206207269236409,838.2645,16101.251,512.5275,6.8,168.0,0,0,0,0,0,0
2026-06-29 07:00:00,2026-06-29 09:00:00,2026-06-29,9,Monday,0.15,0.04953708186963668,937.7874999999999,18931.02025,535.2425000000001,5.4,360.0,0,0,0,0,0,0
2026-06-29 08:00:00,2026-06-29 10:00:00,2026-06-29,10,Monday,0.13,0.05637409414080691,1113.51475,19752.242,559.77,10.4,514.0,0,0,0,0,0,0
2026-06-29 09:00:00,2026-06-29 11:00:00,2026-06-29,11,Monday,0.12,0.060827477738425624,1240.9782500000001,20401.60625,575.28,11.2,645.0,0,0,0,0,0,0
2026-06-29 10:00:00,2026-06-29 12:00:00,2026-06-29,12,Monday,0.11,0.05008162177143529,1005.8597499999998,20084.408499999998,600.96,13.3,746.0,0,0,0,0,0,0
2026-06-29 11:00:00,2026-06-29 13:00:00,2026-06-29,13,Monday,0.1,0.04004679761716425,789.8435000000001,19723.012749999998,614.1425,11.2,839.0,0,0,0,0,0,0
2026-06-29 12:00:00,2026-06-29 14:00:00,2026-06-29,14,Monday,0.11,0.03846685487919472,741.28925,19270.856750000003,602.225,10.4,877.0,0,0,0,0,0,0
2026-06-29 13:00:00,2026-06-29 15:00:00,2026-06-29,15,Monday,0.12,0.039355317891966876,747.1857500000001,18985.636250000003,572.2725,11.2,869.0,0,0,0,0,0,0
2026-06-29 14:00:00,2026-06-29 16:00:00,2026-06-29,16,Monday,0.12,0.04105724914140774,753.9185,18362.616,535.765,13.7,814.0,0,0,0,0,0,0
2026-06-29 15:00:00,2026-06-29 17:00:00,2026-06-29,17,Monday,0.13,0.042814760797609125,796.51775,18603.81175,495.0125,16.9,714.0,0,0,0,0,0,0
2026-06-29 16:00:00,2026-06-29 18:00:00,2026-06-29,18,Monday,0.17,0.04402481308144511,771.35875,17521.000000000004,510.0925,13.0,581.0,0,0,0,0,0,0
2026-06-29 17:00:00,2026-06-29 19:00:00,2026-06-29,19,Monday,0.24,0.03985444999869224,628.553,15771.212499999998,524.0475,13.3,439.0,0,0,0,0,0,0
2026-06-29 18:00:00,2026-06-29 20:00:00,2026-06-29,20,Monday,0.4,0.02931627678425302,403.43875,13761.59575,507.8025,14.8,275.0,0,0,0,0,0,0
2026-06-29 19:00:00,2026-06-29 21:00:00,2026-06-29,21,Monday,0.42,0.020371168978363084,259.96075,12761.20925,524.385,10.1,121.0,0,0,0,0,0,0
2026-06-29 20:00:00,2026-06-29 22:00:00,2026-06-29,22,Monday,0.3,0.014366256168144981,174.744,12163.503,522.0625,10.1,36.0,0,0,0,0,0,0
2026-06-29 21:00:00,2026-06-29 23:00:00,2026-06-29,23,Monday,0.22,0.012976698604967547,154.38075,11896.76625,517.655,9.0,0.0,0,0,0,0,0,0
2026-06-29 22:00:00,2026-06-30 00:00:00,2026-06-30,0,Tuesday,0.22,0.011134735582173953,126.54475,11364.8635,516.6175000000001,8.6,0.0,0,0,0,0,0,0
2026-06-29 23:00:00,2026-06-30 01:00:00,2026-06-30,1,Tuesday,0.19,0.010575977742374423,116.59525,11024.536250000001,518.04,10.1,0.0,0,0,0,0,0,0
2026-06-30 00:00:00,2026-06-30 02:00:00,2026-06-30,2,Tuesday,0.18,0.010475455062449651,112.842,10772.037999999999,516.2850000000001,7.2,0.0,0,0,0,0,0,0
2026-06-30 01:00:00,2026-06-30 03:00:00,2026-06-30,3,Tuesday,0.18,0.011178966847672566,119.65325000000001,10703.426500000001,513.9575,8.3,0.0,0,0,0,0,0,0
2026-06-30 02:00:00,2026-06-30 04:00:00,2026-06-30,4,Tuesday,0.18,0.010988121735017507,118.236,10760.34675,510.41,9.4,0.0,0,0,0,0,0,0
2026-06-30 03:00:00,2026-06-30 05:00:00,2026-06-30,5,Tuesday,0.21,0.010233081127481397,114.53725000000001,11192.841,522.3249999999999,9.0,0.0,0,0,0,0,0,0
2026-06-30 04:00:00,2026-06-30 06:00:00,2026-06-30,6,Tuesday,0.24,0.01392052182331405,166.99824999999998,11996.551,517.77,8.6,7.0,0,0,0,0,0,0
2026-06-30 05:00:00,2026-06-30 07:00:00,2026-06-30,7,Tuesday,0.24,0.018003582384050476,241.6855,13424.3005,515.935,8.6,80.0,0,0,0,0,0,0
2026-06-30 06:00:00,2026-06-30 08:00:00,2026-06-30,8,Tuesday,0.19,0.019804793888710304,291.898,14738.754750000002,534.9399999999999,5.0,140.0,0,0,0,0,0,0
2026-06-30 07:00:00,2026-06-30 09:00:00,2026-06-30,9,Tuesday,0.16,0.025935447511967052,391.40325,15091.439999999999,534.9875,5.4,72.0,0,0,0,0,0,0
2026-06-30 08:00:00,2026-06-30 10:00:00,2026-06-30,10,Tuesday,0.13,0.023366685637400714,369.989,15834.0385,541.1675,6.5,159.0,0,0,0,0,0,0
2026-06-30 09:00:00,2026-06-30 11:00:00,2026-06-30,11,Tuesday,0.12,0.025197156186218615,417.93425,16586.56425,543.995,2.9,113.0,0,0,0,0,0,0
2026-06-30 10:00:00,2026-06-30 12:00:00,2026-06-30,12,Tuesday,0.12,0.027389134918933886,438.79575,16020.796249999998,527.0775,2.2,92.0,0,0,0,0,0,0
2026-06-30 11:00:00,2026-06-30 13:00:00,2026-06-30,13,Tuesday,0.12,0.025927546004727544,418.783,16152.04925,537.89,2.9,251.0,0,0,0,0,0,0
2026-06-30 12:00:00,2026-06-30 14:00:00,2026-06-30,14,Tuesday,0.13,0.026665355696896542,404.7695,15179.602499999999,539.72,6.5,154.0,0,0,0,0,0,0
2026-06-30 13:00:00,2026-06-30 15:00:00,2026-06-30,15,Tuesday,0.15,0.034572873393902546,524.51425,15171.26575,526.8275,6.8,148.0,0,0,0,0,0,0
2026-06-30 14:00:00,2026-06-30 16:00:00,2026-06-30,16,Tuesday,0.16,0.025367196149528707,383.90825,15134.043500000002,532.4525,6.8,137.0,0,0,0,0,0,0
2026-06-30 15:00:00,2026-06-30 17:00:00,2026-06-30,17,Tuesday,0.22,0.029691255669488995,444.68724999999995,14977.044249999997,502.89,6.8,131.0,0,0,0,0,0,0
2026-06-30 16:00:00,2026-06-30 18:00:00,2026-06-30,18,Tuesday,0.33,0.02984354972571433,436.0155,14610.0415,505.9375,7.9,195.0,0,0,0,0,0,0
2026-06-30 17:00:00,2026-06-30 19:00:00,2026-06-30,19,Tuesday,0.59,0.027017185088525762,380.4015,14079.982750000001,518.95,9.0,135.0,0,0,0,0,0,0
2026-06-30 18:00:00,2026-06-30 20:00:00,2026-06-30,20,Tuesday,0.67,0.020252655045536683,266.571,13162.274249999999,521.0174999999999,9.7,106.0,0,0,0,0,0,0
2026-06-30 19:00:00,2026-06-30 21:00:00,2026-06-30,21,Tuesday,0.52,0.015953086676200594,197.18399999999997,12360.241250000001,503.2175,1.1,99.0,0,0,0,0,0,0
2026-06-30 20:00:00,2026-06-30 22:00:00,2026-06-30,22,Tuesday,0.36,0.01972577858275518,230.91925,11706.470750000002,496.2675,2.5,16.0,0,0,0,0,0,0
2026-06-30 21:00:00,2026-06-30 23:00:00,2026-06-30,23,Tuesday,0.24,0.03138455296286196,351.09674999999993,11186.928500000002,487.9825,6.1,0.0,0,0,0,0,0,0
2026-06-30 22:00:00,2026-07-01 00:00:00,2026-07-01,0,Wednesday,0.19,0.042185591708214565,465.31525000000005,11030.193749999999,510.94000000000005,7.2,0.0,0,0,0,0,0,0
2026-06-30 23:00:00,2026-07-01 01:00:00,2026-07-01,1,Wednesday,0.18,0.03341278201622313,367.3995,10995.777000000002,514.9,9.7,0.0,0,0,0,0,0,0
2026-07-01 00:00:00,2026-07-01 02:00:00,2026-07-01,2,Wednesday,0.17,0.029739237448043826,326.89775000000003,10992.13625,533.0450000000001,8.6,0.0,0,0,0,0,0,0
2026-07-01 01:00:00,2026-07-01 03:00:00,2026-07-01,3,Wednesday,0.18,0.025777769606677936,281.82425,10932.84075,521.61,6.1,0.0,0,0,0,0,0,0
2026-07-01 02:00:00,2026-07-01 04:00:00,2026-07-01,4,Wednesday,0.18,0.024428342523836407,266.62825,10914.709,521.955,5.8,0.0,0,0,0,0,0,0
2026-07-01 03:00:00,2026-07-01 05:00:00,2026-07-01,5,Wednesday,0.19,0.03388226851649045,379.18725,11191.31825,534.21,4.7,0.0,0,0,0,0,0,0
2026-07-01 04:00:00,2026-07-01 06:00:00,2026-07-01,6,Wednesday,0.23,0.03249340785135441,405.8935,12491.564499999999,532.08,3.2,8.0,0,0,0,0,0,0
2026-07-01 05:00:00,2026-07-01 07:00:00,2026-07-01,7,Wednesday,0.24,0.030093077019924273,427.36899999999997,14201.571999999998,532.6125,1.8,65.0,0,0,0,0,0,0
2026-07-01 06:00:00,2026-07-01 08:00:00,2026-07-01,8,Wednesday,0.21,0.029269701269974597,492.16949999999997,16814.982,531.885,6.1,214.0,0,0,0,0,0,0
2026-07-01 07:00:00,2026-07-01 09:00:00,2026-07-01,9,Wednesday,0.17,0.02898760899220759,552.63575,19064.550999999996,555.825,5.0,360.0,0,0,0,0,0,0
2026-07-01 08:00:00,2026-07-01 10:00:00,2026-07-01,10,Wednesday,0.15,0.031039843285065222,618.25,19917.948500000002,578.435,5.0,516.0,0,0,0,0,0,0
2026-07-01 09:00:00,2026-07-01 11:00:00,2026-07-01,11,Wednesday,0.15,0.03153475914064931,652.99375,20707.11075,595.1,7.6,656.0,0,0,0,0,0,0
2026-07-01 10:00:00,2026-07-01 12:00:00,2026-07-01,12,Wednesday,0.13,0.030890958887605544,646.128,20916.411249999997,600.3725000000001,5.8,764.0,0,0,0,0,0,0
2026-07-01 11:00:00,2026-07-01 13:00:00,2026-07-01,13,Wednesday,0.12,0.03651756236613785,763.2852499999999,20901.8675,599.71,8.3,841.0,0,0,0,0,0,0
2026-07-01 12:00:00,2026-07-01 14:00:00,2026-07-01,14,Wednesday,0.12,0.03772101099973215,782.8955000000001,20754.89175,597.3249999999999,9.7,878.0,0,0,0,0,0,0
2026-07-01 13:00:00,2026-07-01 15:00:00,2026-07-01,15,Wednesday,0.11,0.039087614824819865,767.235,19628.596,610.76,10.8,866.0,0,0,0,0,0,0
2026-07-01 14:00:00,2026-07-01 16:00:00,2026-07-01,16,Wednesday,0.11,0.042554837926476304,778.56075,18295.46975,611.63,11.9,811.0,0,0,0,0,0,0
2026-07-01 15:00:00,2026-07-01 17:00:00,2026-07-01,17,Wednesday,0.12,0.04348641593852314,771.4069999999999,17739.03375,585.915,14.4,714.0,0,0,0,0,0,0
2026-07-01 16:00:00,2026-07-01 18:00:00,2026-07-01,18,Wednesday,0.15,0.037352048918166764,643.2215,17220.514499999997,536.5925,9.0,585.0,0,0,0,0,0,0
2026-07-01 17:00:00,2026-07-01 19:00:00,2026-07-01,19,Wednesday,0.21,0.03481969116136101,533.22425,15313.870750000002,525.6700000000001,10.1,443.0,0,0,0,0,0,0
2026-07-01 18:00:00,2026-07-01 20:00:00,2026-07-01,20,Wednesday,0.28,0.03646385867477263,499.12149999999997,13688.115249999999,521.3475,13.0,286.0,0,0,0,0,0,0
2026-07-01 19:00:00,2026-07-01 21:00:00,2026-07-01,21,Wednesday,0.29,0.03734364085330201,469.46925000000005,12571.59825,511.905,10.1,139.0,0,0,0,0,0,0
2026-07-01 20:00:00,2026-07-01 22:00:00,2026-07-01,22,Wednesday,0.24,0.04593786808207781,562.6095,12247.183500000001,513.0875,5.8,33.0,0,0,0,0,0,0
2026-07-01 21:00:00,2026-07-01 23:00:00,2026-07-01,23,Wednesday,0.19,0.06228108606066446,726.53825,11665.471749999999,497.35,7.9,0.0,0,0,0,0,0,0
2026-07-01 22:00:00,2026-07-02 00:00:00,2026-07-02,0,Thursday,0.19,0.09427221713777258,1037.3332500000001,11003.594500000001,487.65,8.3,0.0,0,0,0,0,0,0
2026-07-01 23:00:00,2026-07-02 01:00:00,2026-07-02,1,Thursday,0.17,0.16064722444227217,1703.8735,10606.305250000001,455.60249999999996,7.2,0.0,0,0,0,0,0,0
2026-07-02 00:00:00,2026-07-02 02:00:00,2026-07-02,2,Thursday,0.16,0.22437884087605042,2533.9825,11293.322000000002,422.63,12.2,0.0,0,0,0,0,0,0
2026-07-02 01:00:00,2026-07-02 03:00:00,2026-07-02,3,Thursday,0.15,0.2927755385050061,3392.8720000000003,11588.64575,407.955,13.3,0.0,0,0,0,0,0,0
2026-07-02 02:00:00,2026-07-02 04:00:00,2026-07-02,4,Thursday,0.13,0.36226563245666604,4687.48,12939.345000000001,358.4625,15.8,0.0,0,0,0,0,0,0
2026-07-02 03:00:00,2026-07-02 05:00:00,2026-07-02,5,Thursday,0.13,0.39691840393011274,5344.6105,13465.2625,326.8,15.5,0.0,0,1,0,1,0,0
2026-07-02 04:00:00,2026-07-02 06:00:00,2026-07-02,6,Thursday,0.15,0.38839039586555685,5562.462,14321.832000000002,299.9075,18.0,1.0,0,1,0,1,0,0
2026-07-02 05:00:00,2026-07-02 07:00:00,2026-07-02,7,Thursday,0.13,0.3734133342488697,5769.901250000001,15451.7815,266.765,19.8,63.0,0,1,0,1,0,0
2026-07-02 06:00:00,2026-07-02 08:00:00,2026-07-02,8,Thursday,0.11,0.3882002918355966,6070.110750000001,15636.543499999998,205.3075,20.2,144.0,0,1,0,1,0,0
2026-07-02 07:00:00,2026-07-02 09:00:00,2026-07-02,9,Thursday,0.05,0.4048207647300625,6110.052,15093.227749999998,146.8175,21.2,90.0,1,1,1,1,1,0
2026-07-02 08:00:00,2026-07-02 10:00:00,2026-07-02,10,Thursday,0.01,0.43660019713146736,6071.6720000000005,13906.70925,101.2225,23.0,65.0,1,1,1,1,1,0
2026-07-02 09:00:00,2026-07-02 11:00:00,2026-07-02,11,Thursday,0.01,0.45337431496729447,5792.2215,12775.804250000001,86.82,20.9,19.0,1,1,1,1,1,0
2026-07-02 10:00:00,2026-07-02 12:00:00,2026-07-02,12,Thursday,0.01,0.38795026444353503,4763.8215,12279.464499999998,97.7375,15.5,19.0,1,1,1,1,1,0
2026-07-02 11:00:00,2026-07-02 13:00:00,2026-07-02,13,Thursday,0.01,0.3570828169494077,4805.1775,13456.759250000003,95.49,16.2,84.0,1,1,1,1,1,0
2026-07-02 12:00:00,2026-07-02 14:00:00,2026-07-02,14,Thursday,0.0,0.32164287200119107,4949.888,15389.39125,98.68,23.8,324.0,1,1,1,1,1,0
2026-07-02 13:00:00,2026-07-02 15:00:00,2026-07-02,15,Thursday,0.0,0.2700277204014154,4450.44925,16481.45325,109.6575,17.3,228.0,1,1,1,1,1,0
2026-07-02 14:00:00,2026-07-02 16:00:00,2026-07-02,16,Thursday,0.0,0.2472564667233093,4313.834,17446.7995,141.595,26.3,663.0,1,1,1,1,1,0
2026-07-02 15:00:00,2026-07-02 17:00:00,2026-07-02,17,Thursday,0.01,0.22272765413841344,3361.7335,15093.471499999998,189.83499999999998,26.3,706.0,1,1,1,1,1,0
2026-07-02 16:00:00,2026-07-02 18:00:00,2026-07-02,18,Thursday,0.06,0.2756718797208051,3873.92175,14052.65475,198.3425,23.0,546.0,1,1,1,1,1,0
2026-07-02 17:00:00,2026-07-02 19:00:00,2026-07-02,19,Thursday,0.11,0.25366065143341443,3111.63625,12266.925249999998,262.78,21.2,320.0,0,1,0,1,0,0
2026-07-02 18:00:00,2026-07-02 20:00:00,2026-07-02,20,Thursday,0.15,0.22408918520533824,2256.81675,10071.065,310.1775,18.4,287.0,0,1,0,1,0,0
2026-07-02 19:00:00,2026-07-02 21:00:00,2026-07-02,21,Thursday,0.16,0.1984177166484474,1717.843,8657.709749999998,324.11249999999995,13.3,145.0,0,1,0,1,0,0
2026-07-02 20:00:00,2026-07-02 22:00:00,2026-07-02,22,Thursday,0.17,0.19205567607733282,1579.99,8226.729,331.36,13.0,35.0,0,1,0,1,0,0
2026-07-02 21:00:00,2026-07-02 23:00:00,2026-07-02,23,Thursday,0.16,0.21006242009375267,1571.0320000000002,7478.88175,314.5625,10.4,0.0,0,1,0,1,0,0
2026-07-02 22:00:00,2026-07-03 00:00:00,2026-07-03,0,Friday,0.15,0.21597190545138265,1640.44425,7595.63725,300.8675,12.2,0.0,0,1,0,1,0,0
2026-07-02 23:00:00,2026-07-03 01:00:00,2026-07-03,1,Friday,0.13,0.21536930462389853,1569.44625,7287.232750000001,305.7675,7.2,0.0,0,1,0,1,0,0
2026-07-03 00:00:00,2026-07-03 02:00:00,2026-07-03,2,Friday,0.13,0.28262801093680107,1750.713,6194.40725,284.9425,6.8,0.0,0,1,0,1,0,0
2026-07-03 01:00:00,2026-07-03 03:00:00,2026-07-03,3,Friday,0.12,0.3786092517397999,2281.95425,6027.2015,262.2525,9.4,0.0,0,1,0,1,0,0
2026-07-03 02:00:00,2026-07-03 04:00:00,2026-07-03,4,Friday,0.12,0.3873102729434603,2585.4875,6675.494250000001,257.945,13.3,0.0,0,1,0,1,0,0
2026-07-03 03:00:00,2026-07-03 05:00:00,2026-07-03,5,Friday,0.12,0.3770128102045909,2504.027,6641.755749999999,257.915,12.2,0.0,0,1,0,1,0,0
2026-07-03 04:00:00,2026-07-03 06:00:00,2026-07-03,6,Friday,0.13,0.30876167216463685,2267.2877499999995,7343.1645,261.4,11.9,7.0,0,1,0,1,0,0
2026-07-03 05:00:00,2026-07-03 07:00:00,2026-07-03,7,Friday,0.13,0.2285131841587231,1983.085,8678.20825,245.18,10.4,84.0,0,1,0,1,0,0
2026-07-03 06:00:00,2026-07-03 08:00:00,2026-07-03,8,Friday,0.13,0.1501390452462416,1574.61075,10487.683249999998,220.4875,12.2,210.0,0,1,0,1,0,0
2026-07-03 07:00:00,2026-07-03 09:00:00,2026-07-03,9,Friday,0.05,0.12480044414715202,1490.815,11945.590500000002,175.8775,10.4,341.0,1,1,1,1,1,0
2026-07-03 08:00:00,2026-07-03 10:00:00,2026-07-03,10,Friday,0.0,0.11862575144227727,1620.6327500000002,13661.728000000003,191.845,9.4,343.0,1,1,1,1,1,0
2026-07-03 09:00:00,2026-07-03 11:00:00,2026-07-03,11,Friday,0.0,0.12301231610075365,1730.5032500000002,14067.723499999998,175.975,10.4,643.0,1,1,1,1,1,0
2026-07-03 10:00:00,2026-07-03 12:00:00,2026-07-03,12,Friday,0.0,0.12018859345876458,1782.26875,14828.93425,182.20499999999998,13.0,743.0,1,1,1,1,1,0
2026-07-03 11:00:00,2026-07-03 13:00:00,2026-07-03,13,Friday,0.0,0.10739184731633374,1646.03525,15327.37625,199.61,13.3,780.0,1,1,1,1,1,0
2026-07-03 12:00:00,2026-07-03 14:00:00,2026-07-03,14,Friday,0.0,0.09845541551099483,1531.91625,15559.492,228.07999999999998,12.2,871.0,1,1,1,1,1,0
2026-07-03 13:00:00,2026-07-03 15:00:00,2026-07-03,15,Friday,0.0,0.09873858218957153,1522.9882499999999,15424.44925,239.275,12.2,804.0,1,1,1,1,1,0
2026-07-03 14:00:00,2026-07-03 16:00:00,2026-07-03,16,Friday,0.0,0.10730845099032538,1598.15525,14893.097749999999,253.0675,15.1,765.0,1,1,1,1,1,0
2026-07-03 15:00:00,2026-07-03 17:00:00,2026-07-03,17,Friday,0.0,0.12018002956617127,1565.8555,13029.248749999999,240.04250000000002,15.8,693.0,1,1,1,1,1,0
2026-07-03 16:00:00,2026-07-03 18:00:00,2026-07-03,18,Friday,0.06,0.11480775736806363,1179.25075,10271.525000000001,250.14749999999998,14.4,574.0,1,1,1,1,1,0
2026-07-03 17:00:00,2026-07-03 19:00:00,2026-07-03,19,Friday,0.13,0.08555322726650563,808.6475,9451.98125,337.635,13.0,430.0,0,1,0,1,0,0
2026-07-03 18:00:00,2026-07-03 20:00:00,2026-07-03,20,Friday,0.16,0.055914398678616424,488.214,8731.453999999998,404.92499999999995,12.6,285.0,0,0,0,0,0,0
2026-07-03 19:00:00,2026-07-03 21:00:00,2026-07-03,21,Friday,0.17,0.058966330215719,451.5905,7658.44675,382.9575,8.6,134.0,0,0,0,0,0,0
2026-07-03 20:00:00,2026-07-03 22:00:00,2026-07-03,22,Friday,0.17,0.06961175645390313,508.627,7306.625,379.605,8.6,34.0,0,0,0,0,0,0
2026-07-03 21:00:00,2026-07-03 23:00:00,2026-07-03,23,Friday,0.16,0.09591967160987928,709.8795,7400.77075,373.485,8.6,0.0,0,0,0,0,0,0
2026-07-03 22:00:00,2026-07-04 00:00:00,2026-07-04,0,Saturday,0.16,0.12646816967428431,945.7690000000001,7478.316500000001,368.085,10.4,0.0,0,0,0,0,0,0
2026-07-03 23:00:00,2026-07-04 01:00:00,2026-07-04,1,Saturday,0.15,0.18574140900091385,1414.8055,7617.071,354.205,11.9,0.0,0,0,0,0,0,0
2026-07-04 00:00:00,2026-07-04 02:00:00,2026-07-04,2,Saturday,0.13,0.2645103157153902,2217.428,8383.14375,348.25,11.5,0.0,0,0,0,0,0,0
2026-07-04 01:00:00,2026-07-04 03:00:00,2026-07-04,3,Saturday,0.13,0.32223258822686646,2868.76125,8902.76575,323.63,14.4,0.0,0,1,0,1,0,0
2026-07-04 02:00:00,2026-07-04 04:00:00,2026-07-04,4,Saturday,0.12,0.3907122949956617,3529.82625,9034.33625,283.2575,17.6,0.0,0,1,0,1,0,0
2026-07-04 03:00:00,2026-07-04 05:00:00,2026-07-04,5,Saturday,0.12,0.41499781102624766,3495.2467500000002,8422.325750000002,244.785,16.6,0.0,0,1,0,1,0,0
2026-07-04 04:00:00,2026-07-04 06:00:00,2026-07-04,6,Saturday,0.11,0.38530496906891176,3141.7194999999992,8153.851499999999,216.9525,18.0,1.0,0,1,0,1,0,0
2026-07-04 05:00:00,2026-07-04 07:00:00,2026-07-04,7,Saturday,0.08,0.36186662638199224,3126.59125,8640.17575,151.1,16.2,24.0,1,1,1,1,1,0
2026-07-04 06:00:00,2026-07-04 08:00:00,2026-07-04,8,Saturday,0.04,0.26641952924003603,2623.7792499999996,9848.299249999998,104.72,17.6,203.0,1,1,1,1,1,0
2026-07-04 07:00:00,2026-07-04 09:00:00,2026-07-04,9,Saturday,0.0,0.1908209303727455,2324.3025,12180.542749999999,118.4375,14.0,327.0,1,1,1,1,1,0
2026-07-04 08:00:00,2026-07-04 10:00:00,2026-07-04,10,Saturday,0.0,0.16147749398558117,2172.7735000000002,13455.581,134.3825,14.0,318.0,1,1,1,1,1,0
2026-07-04 09:00:00,2026-07-04 11:00:00,2026-07-04,11,Saturday,0.0,0.15503832734446238,2069.5845,13348.857250000001,129.925,15.1,593.0,1,1,1,1,1,0
2026-07-04 10:00:00,2026-07-04 12:00:00,2026-07-04,12,Saturday,0.0,0.16236865499902206,2092.44575,12887.005500000001,113.52250000000001,16.2,322.0,1,1,1,1,1,0
2026-07-04 11:00:00,2026-07-04 13:00:00,2026-07-04,13,Saturday,-0.01,0.14591593467111397,1755.41225,12030.298499999999,108.9125,15.8,246.0,1,1,1,1,1,1
2026-07-04 12:00:00,2026-07-04 14:00:00,2026-07-04,14,Saturday,-0.01,0.17039478345891834,1961.0745000000002,11509.0055,110.9025,13.0,493.0,1,1,1,1,1,1
2026-07-04 13:00:00,2026-07-04 15:00:00,2026-07-04,15,Saturday,0.0,0.19955655396521196,2367.0017500000004,11861.307999999999,105.065,12.6,420.0,1,1,1,1,1,0
2026-07-04 14:00:00,2026-07-04 16:00:00,2026-07-04,16,Saturday,0.0,0.2550721273940359,2722.1835,10672.210750000002,94.64750000000001,14.8,405.0,1,1,1,1,1,0
2026-07-04 15:00:00,2026-07-04 17:00:00,2026-07-04,17,Saturday,0.0,0.31599171238672735,3290.53925,10413.372,93.4525,14.4,394.0,1,1,1,1,1,0
2026-07-04 16:00:00,2026-07-04 18:00:00,2026-07-04,18,Saturday,0.06,0.301842500841197,2809.5995,9308.164,127.335,11.5,60.0,1,1,1,1,1,0
2026-07-04 17:00:00,2026-07-04 19:00:00,2026-07-04,19,Saturday,0.12,0.2634710769764929,2339.873,8880.94825,182.1775,16.6,34.0,0,1,0,1,0,0
2026-07-04 18:00:00,2026-07-04 20:00:00,2026-07-04,20,Saturday,0.15,0.24876370080553523,1965.93475,7902.82,206.53750000000002,13.0,10.0,0,1,0,1,0,0
2026-07-04 19:00:00,2026-07-04 21:00:00,2026-07-04,21,Saturday,0.16,0.2614011797662066,1963.06875,7509.793000000001,209.08249999999998,9.7,8.0,0,1,0,1,0,0
2026-07-04 20:00:00,2026-07-04 22:00:00,2026-07-04,22,Saturday,0.16,0.2919773656219435,2085.4477500000003,7142.4980000000005,214.69,9.0,13.0,0,1,0,1,0,0
2026-07-04 21:00:00,2026-07-04 23:00:00,2026-07-04,23,Saturday,0.15,0.31692179162408934,2290.48625,7227.29175,212.5725,13.3,0.0,0,1,0,1,0,0
2026-07-04 22:00:00,2026-07-05 00:00:00,2026-07-05,0,Sunday,0.16,0.37725628466691485,2613.745,6928.30075,184.3725,14.0,0.0,0,1,0,1,0,0
2026-07-04 23:00:00,2026-07-05 01:00:00,2026-07-05,1,Sunday,0.15,0.4200836961612454,2862.6227500000005,6814.4105,175.43,13.3,0.0,0,1,0,1,0,0
2026-07-05 00:00:00,2026-07-05 02:00:00,2026-07-05,2,Sunday,0.15,0.4930166316592231,3308.025,6709.763500000001,137.22,15.8,0.0,0,1,0,1,0,0
2026-07-05 01:00:00,2026-07-05 03:00:00,2026-07-05,3,Sunday,0.13,0.5372069729683583,3413.7797499999997,6354.6825,123.14999999999999,17.6,0.0,0,1,0,1,0,0
2026-07-05 02:00:00,2026-07-05 04:00:00,2026-07-05,4,Sunday,0.12,0.533241251883618,3168.53125,5942.022,120.705,18.7,0.0,0,1,0,1,0,0
2026-07-05 03:00:00,2026-07-05 05:00:00,2026-07-05,5,Sunday,0.12,0.5129481871488388,2883.3705,5621.173,115.0325,19.1,0.0,0,1,0,1,0,0
2026-07-05 04:00:00,2026-07-05 06:00:00,2026-07-05,6,Sunday,0.11,0.46799623985125727,2554.95925,5459.358499999999,119.7925,16.6,1.0,0,1,0,1,0,0
2026-07-05 05:00:00,2026-07-05 07:00:00,2026-07-05,7,Sunday,0.07,0.37205645523068664,2358.50075,6339.093749999999,121.275,14.8,20.0,1,1,1,1,1,0
2026-07-05 06:00:00,2026-07-05 08:00:00,2026-07-05,8,Sunday,0.02,0.2968307551737182,2153.8469999999998,7256.145000000001,105.1575,13.3,43.0,1,1,1,1,1,0
2026-07-05 07:00:00,2026-07-05 09:00:00,2026-07-05,9,Sunday,0.0,0.25844855992899224,2016.2614999999998,7801.4035,104.0325,14.0,185.0,1,1,1,1,1,0
2026-07-05 08:00:00,2026-07-05 10:00:00,2026-07-05,10,Sunday,0.0,0.2306432401398288,1998.2822500000002,8663.95325,105.7775,9.7,173.0,1,1,1,1,1,0
2026-07-05 09:00:00,2026-07-05 11:00:00,2026-07-05,11,Sunday,0.0,0.21168752600355906,2081.3514999999998,9832.18775,106.69749999999999,10.1,418.0,1,1,1,1,1,0
2026-07-05 10:00:00,2026-07-05 12:00:00,2026-07-05,12,Sunday,0.0,0.1913184557904949,1908.3310000000001,9974.631000000001,106.53999999999999,12.6,336.0,1,1,1,1,1,0
2026-07-05 11:00:00,2026-07-05 13:00:00,2026-07-05,13,Sunday,0.0,0.18851403755972101,2012.6532499999998,10676.4105,106.33500000000001,13.3,46.0,1,1,1,1,1,0
2026-07-05 12:00:00,2026-07-05 14:00:00,2026-07-05,14,Sunday,0.0,0.18333942815005821,2116.58875,11544.64575,109.655,12.2,507.0,1,1,1,1,1,0
2026-07-05 13:00:00,2026-07-05 15:00:00,2026-07-05,15,Sunday,0.0,0.20676903069599029,2389.375,11555.768250000001,110.565,14.4,637.0,1,1,1,1,1,0
2026-07-05 14:00:00,2026-07-05 16:00:00,2026-07-05,16,Sunday,0.0,0.22477382326911172,2407.946,10712.751,109.82499999999999,16.2,562.0,1,1,1,1,1,0
2026-07-05 15:00:00,2026-07-05 17:00:00,2026-07-05,17,Sunday,0.01,0.19801250302647802,1954.623,9871.21,150.23,19.1,519.0,1,1,1,1,1,0
2026-07-05 16:00:00,2026-07-05 18:00:00,2026-07-05,18,Sunday,0.1,0.18145934139240003,1737.1115,9573.00675,223.29250000000002,15.8,64.0,0,1,0,1,0,0
2026-07-05 17:00:00,2026-07-05 19:00:00,2026-07-05,19,Sunday,0.15,0.14902205132836677,1511.83225,10145.02375,334.745,15.5,354.0,0,1,0,1,0,0
2026-07-05 18:00:00,2026-07-05 20:00:00,2026-07-05,20,Sunday,0.17,0.11294407324016581,1069.39475,9468.3565,390.5325,14.8,191.0,0,0,0,0,0,0
2026-07-05 19:00:00,2026-07-05 21:00:00,2026-07-05,21,Sunday,0.17,0.08586244186213862,736.786,8581.004500000001,422.03499999999997,10.1,101.0,0,0,0,0,0,0
2026-07-05 20:00:00,2026-07-05 22:00:00,2026-07-05,22,Sunday,0.18,0.08003137409755028,644.912,8058.23975,421.7975,7.9,15.0,0,0,0,0,0,0
2026-07-05 21:00:00,2026-07-05 23:00:00,2026-07-05,23,Sunday,0.16,0.1029273858323994,783.126,7608.529,400.41999999999996,9.0,0.0,0,0,0,0,0,0
2026-07-05 22:00:00,2026-07-06 00:00:00,2026-07-06,0,Monday,0.17,0.1521850819827294,1096.576,7205.542,367.155,7.9,0.0,0,0,0,0,0,0
2026-07-05 23:00:00,2026-07-06 01:00:00,2026-07-06,1,Monday,0.16,0.2003058488492414,1455.653,7267.151749999999,356.5775,6.5,0.0,0,0,0,0,0,0
2026-07-06 00:00:00,2026-07-06 02:00:00,2026-07-06,2,Monday,0.15,0.23287192634749856,1835.63875,7882.610749999999,360.765,9.0,0.0,0,0,0,0,0,0
2026-07-06 01:00:00,2026-07-06 03:00:00,2026-07-06,3,Monday,0.13,0.2720318794485307,2364.841,8693.2495,347.0675,11.5,0.0,0,0,0,0,0,0
2026-07-06 02:00:00,2026-07-06 04:00:00,2026-07-06,4,Monday,0.13,0.3071725245665564,2853.3959999999997,9289.22925,327.0325,15.1,0.0,0,1,0,1,0,0
2026-07-06 03:00:00,2026-07-06 05:00:00,2026-07-06,5,Monday,0.15,0.33830486366858414,3395.09525,10035.60875,306.185,13.3,0.0,0,1,0,1,0,0
2026-07-06 04:00:00,2026-07-06 06:00:00,2026-07-06,6,Monday,0.17,0.27487901752506905,2913.89825,10600.65725,330.045,14.8,1.0,0,1,0,1,0,0
2026-07-06 05:00:00,2026-07-06 07:00:00,2026-07-06,7,Monday,0.18,0.25145995364394286,2868.00475,11405.4135,327.14250000000004,15.1,14.0,0,1,0,1,0,0
2026-07-06 06:00:00,2026-07-06 08:00:00,2026-07-06,8,Monday,0.17,0.2245880934729197,2796.545,12451.8845,328.925,14.8,57.0,0,1,0,1,0,0
2026-07-06 07:00:00,2026-07-06 09:00:00,2026-07-06,9,Monday,0.15,0.26402189503948564,3617.0029999999997,13699.632749999999,302.9875,12.2,168.0,0,1,0,1,0,0
2026-07-06 08:00:00,2026-07-06 10:00:00,2026-07-06,10,Monday,0.13,0.2728547081014158,4125.6505,15120.320000000002,241.27249999999998,14.0,122.0,0,1,0,1,0,0
2026-07-06 09:00:00,2026-07-06 11:00:00,2026-07-06,11,Monday,0.1,0.23476625863756076,3957.64375,16857.80475,201.155,15.1,600.0,0,1,0,1,0,0
2026-07-06 10:00:00,2026-07-06 12:00:00,2026-07-06,12,Monday,0.05,0.19896709910660632,3556.9407499999998,17877.02975,150.44,20.9,574.0,1,1,1,1,1,0
2026-07-06 11:00:00,2026-07-06 13:00:00,2026-07-06,13,Monday,0.02,0.15789482035730013,2686.659,17015.498000000003,159.68,20.9,585.0,1,1,1,1,1,0
2026-07-06 12:00:00,2026-07-06 14:00:00,2026-07-06,14,Monday,0.01,0.16397198475882035,2846.6087500000003,17360.336,151.6625,19.8,188.0,1,1,1,1,1,0
2026-07-06 13:00:00,2026-07-06 15:00:00,2026-07-06,15,Monday,0.01,0.1512592145837911,2464.8137500000003,16295.296500000002,182.3875,15.5,799.0,1,1,1,1,1,0
2026-07-06 14:00:00,2026-07-06 16:00:00,2026-07-06,16,Monday,0.04,0.15276561268806926,2399.4809999999998,15706.9445,194.9025,16.2,689.0,1,1,1,1,1,0
2026-07-06 15:00:00,2026-07-06 17:00:00,2026-07-06,17,Monday,0.08,0.18535155919604002,2744.7275,14808.2245,229.2475,16.6,663.0,1,1,1,1,1,0
2026-07-06 16:00:00,2026-07-06 18:00:00,2026-07-06,18,Monday,0.13,0.22481777597404068,3106.5825,13818.224499999998,302.53499999999997,10.8,560.0,0,1,0,1,0,0
2026-07-06 17:00:00,2026-07-06 19:00:00,2026-07-06,19,Monday,0.15,0.25661460973843314,3304.753,12878.273,322.545,11.5,416.0,0,1,0,1,0,0
2026-07-06 18:00:00,2026-07-06 20:00:00,2026-07-06,20,Monday,0.17,0.2555430504829596,2922.68075,11437.1365,337.0925,14.8,266.0,0,1,0,1,0,0
2026-07-06 19:00:00,2026-07-06 21:00:00,2026-07-06,21,Monday,0.19,0.24769336018269666,2598.428,10490.50325,346.14250000000004,9.0,117.0,0,0,0,0,0,0
2026-07-06 20:00:00,2026-07-06 22:00:00,2026-07-06,22,Monday,0.18,0.24685162430145408,2469.8779999999997,10005.5165,350.0525,11.9,23.0,0,0,0,0,0,0
2026-07-06 21:00:00,2026-07-06 23:00:00,2026-07-06,23,Monday,0.17,0.24344853031186303,2417.3149999999996,9929.4705,362.385,15.5,0.0,0,0,0,0,0,0
2026-07-06 22:00:00,2026-07-07 00:00:00,2026-07-07,0,Tuesday,0.15,0.2138241709396484,1934.07325,9045.15725,357.35749999999996,10.8,0.0,0,0,0,0,0,0
2026-07-06 23:00:00,2026-07-07 01:00:00,2026-07-07,1,Tuesday,0.15,0.17303481234953053,1451.006,8385.630500000001,352.0425,8.6,0.0,0,0,0,0,0,0
2026-07-07 00:00:00,2026-07-07 02:00:00,2026-07-07,2,Tuesday,0.13,0.16085256035013543,1219.76475,7583.1230000000005,348.4,7.9,0.0,0,0,0,0,0,0
2026-07-07 01:00:00,2026-07-07 03:00:00,2026-07-07,3,Tuesday,0.12,0.1760299639652654,1278.1867499999998,7261.188500000001,346.36,13.0,0.0,0,0,0,0,0,0
2026-07-07 02:00:00,2026-07-07 04:00:00,2026-07-07,4,Tuesday,0.12,0.22318576475357252,1572.31375,7044.865749999999,323.0025,12.2,0.0,0,1,0,1,0,0
2026-07-07 03:00:00,2026-07-07 05:00:00,2026-07-07,5,Tuesday,0.13,0.2403298588056755,1870.4354999999998,7782.7845,329.0875,11.5,0.0,0,1,0,1,0,0
2026-07-07 04:00:00,2026-07-07 06:00:00,2026-07-07,6,Tuesday,0.15,0.2301642117273298,2081.02575,9041.48275,351.6325,11.9,2.0,0,0,0,0,0,0
2026-07-07 05:00:00,2026-07-07 07:00:00,2026-07-07,7,Tuesday,0.15,0.24102812778833385,2648.8957499999997,10989.985999999999,352.2,13.0,20.0,0,0,0,0,0,0
2026-07-07 06:00:00,2026-07-07 08:00:00,2026-07-07,8,Tuesday,0.15,0.21018454683582802,2653.91725,12626.605,339.4,15.8,160.0,0,1,0,1,0,0
2026-07-07 07:00:00,2026-07-07 09:00:00,2026-07-07,9,Tuesday,0.13,0.20017229916971635,2655.5777500000004,13266.45975,288.6675,15.5,316.0,0,1,0,1,0,0
2026-07-07 08:00:00,2026-07-07 10:00:00,2026-07-07,10,Tuesday,0.07,0.13860387843013267,2040.9212499999999,14724.8495,282.65,15.1,450.0,1,1,1,1,1,0
2026-07-07 09:00:00,2026-07-07 11:00:00,2026-07-07,11,Tuesday,0.01,0.10645120904437276,1705.0135,16016.854249999999,272.745,16.6,613.0,1,1,1,1,1,0
2026-07-07 10:00:00,2026-07-07 12:00:00,2026-07-07,12,Tuesday,0.0,0.11527710820290506,2021.679,17537.55825,264.5525,14.4,737.0,1,1,1,1,1,0
2026-07-07 11:00:00,2026-07-07 13:00:00,2026-07-07,13,Tuesday,0.0,0.2472795251595962,1544.324,6245.2562499999985,274.1225,17.3,721.0,1,1,1,1,1,0
2026-07-07 12:00:00,2026-07-07 14:00:00,2026-07-07,14,Tuesday,0.0,0.5481621598264433,1582.5495,2887.0097499999997,264.23,17.6,828.0,1,1,1,1,1,0
2026-07-07 13:00:00,2026-07-07 15:00:00,2026-07-07,15,Tuesday,0.0,0.5596708427562757,1683.9575,3008.8355,237.45499999999998,19.8,812.0,1,1,1,1,1,0
2026-07-07 14:00:00,2026-07-07 16:00:00,2026-07-07,16,Tuesday,0.01,0.570539248481016,1790.0434999999998,3137.459,211.27,19.1,744.0,1,1,1,1,1,0
2026-07-07 15:00:00,2026-07-07 17:00:00,2026-07-07,17,Tuesday,0.08,0.5095835355065019,1509.955,2963.11575,208.625,15.8,660.0,1,1,1,1,1,0
2026-07-07 16:00:00,2026-07-07 18:00:00,2026-07-07,18,Tuesday,0.15,0.2957184922236302,1288.402,4356.853,275.92,16.6,526.0,0,1,0,1,0,0
2026-07-07 17:00:00,2026-07-07 19:00:00,2026-07-07,19,Tuesday,0.15,0.1910193680659561,1182.32775,6189.570000000001,326.5375,15.8,348.0,0,1,0,1,0,0
2026-07-07 18:00:00,2026-07-07 20:00:00,2026-07-07,20,Tuesday,0.17,0.1540863552530664,1010.01075,6554.83575,342.2925,14.4,116.0,0,0,0,0,0,0
2026-07-07 19:00:00,2026-07-07 21:00:00,2026-07-07,21,Tuesday,0.18,0.11470304678981949,754.2735,6575.880250000001,362.8575,12.6,62.0,0,0,0,0,0,0
2026-07-07 20:00:00,2026-07-07 22:00:00,2026-07-07,22,Tuesday,0.18,0.09296179890328819,614.4635000000001,6609.8495,378.5125,11.5,22.0,0,0,0,0,0,0
2026-07-07 21:00:00,2026-07-07 23:00:00,2026-07-07,23,Tuesday,0.17,0.09235934486575854,612.998,6637.09775,385.3025,11.2,0.0,0,0,0,0,0,0
2026-07-07 22:00:00,2026-07-08 00:00:00,2026-07-08,0,Wednesday,0.16,0.10146743070778688,698.80825,6887.02025,389.995,12.6,0.0,0,0,0,0,0,0
2026-07-07 23:00:00,2026-07-08 01:00:00,2026-07-08,1,Wednesday,0.15,0.1144935623692607,812.12525,7093.195750000001,395.8075,13.7,0.0,0,0,0,0,0,0
2026-07-08 00:00:00,2026-07-08 02:00:00,2026-07-08,2,Wednesday,0.13,0.11942269372463192,845.85225,7082.8435,404.82,12.6,0.0,0,0,0,0,0,0
2026-07-08 01:00:00,2026-07-08 03:00:00,2026-07-08,3,Wednesday,0.13,0.1327120069182241,949.90175,7157.617249999999,402.54499999999996,11.2,0.0,0,0,0,0,0,0
2026-07-08 02:00:00,2026-07-08 04:00:00,2026-07-08,4,Wednesday,0.15,0.14553515259070418,1059.53375,7280.26,405.5475,13.0,0.0,0,0,0,0,0,0
2026-07-08 03:00:00,2026-07-08 05:00:00,2026-07-08,5,Wednesday,0.15,0.14213762320916717,1039.2427500000001,7311.524749999999,412.47749999999996,14.4,0.0,0,0,0,0,0,0
2026-07-08 04:00:00,2026-07-08 06:00:00,2026-07-08,6,Wednesday,0.17,0.13544757042228436,1002.9385000000001,7404.625250000001,421.52,15.8,2.0,0,0,0,0,0,0
2026-07-08 05:00:00,2026-07-08 07:00:00,2026-07-08,7,Wednesday,0.17,0.1349350306191479,1001.547,7422.43875,420.84000000000003,14.4,11.0,0,0,0,0,0,0
2026-07-08 06:00:00,2026-07-08 08:00:00,2026-07-08,8,Wednesday,0.17,0.1137368565858122,823.89125,7243.8369999999995,425.095,13.0,68.0,0,0,0,0,0,0
2026-07-08 07:00:00,2026-07-08 09:00:00,2026-07-08,9,Wednesday,0.15,0.11057183904865316,696.774,6301.550249999999,406.645,10.1,88.0,0,0,0,0,0,0
2026-07-08 08:00:00,2026-07-08 10:00:00,2026-07-08,10,Wednesday,0.12,0.10555385119533212,555.2345,5260.20125,398.7975,8.3,258.0,0,0,0,0,0,0
2026-07-08 09:00:00,2026-07-08 11:00:00,2026-07-08,11,Wednesday,0.11,0.1146800996995596,550.8695,4803.53175,386.1575,9.7,317.0,0,0,0,0,0,0
2026-07-08 10:00:00,2026-07-08 12:00:00,2026-07-08,12,Wednesday,0.08,0.12467230638272411,504.3035,4045.0322500000007,353.7,11.5,506.0,1,0,0,0,0,0
2026-07-08 11:00:00,2026-07-08 13:00:00,2026-07-08,13,Wednesday,0.07,0.1450979750561304,534.3389999999999,3682.6082499999998,322.1775,10.4,197.0,1,1,1,1,1,0
2026-07-08 12:00:00,2026-07-08 14:00:00,2026-07-08,14,Wednesday,0.07,0.14322471715800564,513.8905,3588.0015000000003,308.8275,9.4,433.0,1,1,1,1,1,0
2026-07-08 13:00:00,2026-07-08 15:00:00,2026-07-08,15,Wednesday,0.07,0.14835775175444557,438.93525000000005,2958.627,298.475,8.3,406.0,1,1,1,1,1,0
2026-07-08 14:00:00,2026-07-08 16:00:00,2026-07-08,16,Wednesday,0.08,0.1189367979006787,404.99174999999997,3405.1005,318.7925,9.7,463.0,1,1,1,1,1,0
2026-07-08 15:00:00,2026-07-08 17:00:00,2026-07-08,17,Wednesday,0.11,0.08847760291399107,333.85974999999996,3773.3815,333.84,10.1,348.0,0,1,0,1,0,0
2026-07-08 16:00:00,2026-07-08 18:00:00,2026-07-08,18,Wednesday,0.13,0.05847502749360737,327.523,5601.07475,388.035,12.2,442.0,0,0,0,0,0,0
2026-07-08 17:00:00,2026-07-08 19:00:00,2026-07-08,19,Wednesday,0.17,0.0389706587002078,300.11125000000004,7700.954,430.2425,10.8,297.0,0,0,0,0,0,0
2026-07-08 18:00:00,2026-07-08 20:00:00,2026-07-08,20,Wednesday,0.18,0.02559387916902647,212.18124999999998,8290.31225,448.6375,12.2,138.0,0,0,0,0,0,0
2026-07-08 19:00:00,2026-07-08 21:00:00,2026-07-08,21,Wednesday,0.19,0.023273790131499907,195.5075,8400.329249999999,456.745,9.7,70.0,0,0,0,0,0,0
2026-07-08 20:00:00,2026-07-08 22:00:00,2026-07-08,22,Wednesday,0.19,0.023935902013520863,199.73700000000002,8344.6615,445.945,8.6,29.0,0,0,0,0,0,0
2026-07-08 21:00:00,2026-07-08 23:00:00,2026-07-08,23,Wednesday,0.18,0.017617428274694827,145.27700000000002,8246.20925,445.275,9.4,0.0,0,0,0,0,0,0
2026-07-08 22:00:00,2026-07-09 00:00:00,2026-07-09,0,Thursday,0.17,0.011802433004577671,97.0245,8220.72025,461.6075,5.8,0.0,0,0,0,0,0,0
2026-07-08 23:00:00,2026-07-09 01:00:00,2026-07-09,1,Thursday,0.16,0.007698780119009285,62.86825,8166.0015,469.135,5.0,0.0,0,0,0,0,0,0
2026-07-09 00:00:00,2026-07-09 02:00:00,2026-07-09,2,Thursday,0.16,0.009785150070090506,79.91125,8166.584,480.33000000000004,9.4,0.0,0,0,0,0,0,0
2026-07-09 01:00:00,2026-07-09 03:00:00,2026-07-09,3,Thursday,0.15,0.006253789504612807,51.731500000000004,8272.0245,504.8825,8.6,0.0,0,0,0,0,0,0
2026-07-09 02:00:00,2026-07-09 04:00:00,2026-07-09,4,Thursday,0.15,0.006123475950275861,51.577,8422.830499999998,529.8175,8.3,0.0,0,0,0,0,0,0
2026-07-09 03:00:00,2026-07-09 05:00:00,2026-07-09,5,Thursday,0.16,0.0060334676898608055,51.693999999999996,8567.8755,514.525,9.0,0.0,0,0,0,0,0,0
2026-07-09 04:00:00,2026-07-09 06:00:00,2026-07-09,6,Thursday,0.19,0.007599443757937924,65.253,8586.5495,487.5725,7.6,2.0,0,0,0,0,0,0
2026-07-09 05:00:00,2026-07-09 07:00:00,2026-07-09,7,Thursday,0.18,0.009233908054205894,79.32325,8590.431,509.46500000000003,5.0,53.0,0,0,0,0,0,0
2026-07-09 06:00:00,2026-07-09 08:00:00,2026-07-09,8,Thursday,0.17,0.010879068196543324,90.23125,8294.02375,536.2725,5.0,197.0,0,0,0,0,0,0
2026-07-09 07:00:00,2026-07-09 09:00:00,2026-07-09,9,Thursday,0.15,0.019627897124984698,107.02950000000001,5452.927500000001,534.51,4.0,309.0,0,0,0,0,0,0
2026-07-09 08:00:00,2026-07-09 10:00:00,2026-07-09,10,Thursday,0.13,0.03650863444985875,128.8005,3527.94625,528.3875,5.0,365.0,0,0,0,0,0,0
2026-07-09 09:00:00,2026-07-09 11:00:00,2026-07-09,11,Thursday,0.12,0.04131379479255917,121.36675,2937.6809999999996,584.4200000000001,6.8,573.0,0,0,0,0,0,0
2026-07-09 10:00:00,2026-07-09 12:00:00,2026-07-09,12,Thursday,0.1,0.05284432865663155,119.37625,2259.01725,503.445,10.4,724.0,0,0,0,0,0,0
2026-07-09 11:00:00,2026-07-09 13:00:00,2026-07-09,13,Thursday,0.06,0.07964762277773758,143.9265,1807.0407500000001,480.55,12.2,631.0,1,0,0,0,0,0
2026-07-09 12:00:00,2026-07-09 14:00:00,2026-07-09,14,Thursday,0.05,0.10229056304229789,184.339,1802.1115,499.17,10.4,832.0,1,0,0,0,0,0
2026-07-09 13:00:00,2026-07-09 15:00:00,2026-07-09,15,Thursday,0.07,0.08635725490278275,175.10775,2027.7132499999998,518.4275,11.5,847.0,1,0,0,0,0,0
2026-07-09 14:00:00,2026-07-09 16:00:00,2026-07-09,16,Thursday,0.11,0.07037422990269156,182.33875,2590.9874999999997,570.9675,10.8,792.0,0,0,0,0,0,0
2026-07-09 15:00:00,2026-07-09 17:00:00,2026-07-09,17,Thursday,0.13,0.04605481998827418,205.53375,4462.8065000000015,557.135,12.2,693.0,0,0,0,0,0,0
2026-07-09 16:00:00,2026-07-09 18:00:00,2026-07-09,18,Thursday,0.16,0.030308563822416583,265.3155,8753.813,539.605,10.1,559.0,0,0,0,0,0,0
2026-07-09 17:00:00,2026-07-09 19:00:00,2026-07-09,19,Thursday,0.21,0.02892965526128068,309.3745,10694.0265,510.975,11.9,400.0,0,0,0,0,0,0
2026-07-09 18:00:00,2026-07-09 20:00:00,2026-07-09,20,Thursday,0.28,0.037329287952999876,416.93525,11169.11875,509.2075,11.9,241.0,0,0,0,0,0,0
2026-07-09 19:00:00,2026-07-09 21:00:00,2026-07-09,21,Thursday,0.28,0.05056974686587813,575.4465,11379.264000000003,495.465,9.0,114.0,0,0,0,0,0,0
2026-07-09 20:00:00,2026-07-09 22:00:00,2026-07-09,22,Thursday,0.23,0.0719449126989235,838.65575,11656.91525,486.1625,8.6,29.0,0,0,0,0,0,0
2026-07-09 21:00:00,2026-07-09 23:00:00,2026-07-09,23,Thursday,0.21,0.06651089820406887,769.64875,11571.769000000002,494.525,9.4,0.0,0,0,0,0,0,0
2026-07-09 22:00:00,2026-07-10 00:00:00,2026-07-10,0,Friday,0.19,0.06176579614920954,702.2765,11369.99025,490.21500000000003,9.7,0.0,0,0,0,0,0,0
2026-07-09 23:00:00,2026-07-10 01:00:00,2026-07-10,1,Friday,0.17,0.054849715080141866,622.729,11353.367999999999,505.42999999999995,11.9,0.0,0,0,0,0,0,0
2026-07-10 00:00:00,2026-07-10 02:00:00,2026-07-10,2,Friday,0.17,0.05240401768657264,597.8267500000001,11408.032750000002,508.2875,12.6,0.0,0,0,0,0,0,0
2026-07-10 01:00:00,2026-07-10 03:00:00,2026-07-10,3,Friday,0.17,0.0444357362734807,506.8745,11406.91125,511.195,13.3,0.0,0,0,0,0,0,0
2026-07-10 02:00:00,2026-07-10 04:00:00,2026-07-10,4,Friday,0.17,0.039788266394701476,454.24899999999997,11416.65725,520.355,14.0,0.0,0,0,0,0,0,0
2026-07-10 03:00:00,2026-07-10 05:00:00,2026-07-10,5,Friday,0.17,0.03290687408366191,370.6717499999999,11264.265,509.8625,14.0,0.0,0,0,0,0,0,0
2026-07-10 04:00:00,2026-07-10 06:00:00,2026-07-10,6,Friday,0.18,0.03409057550978491,372.78225,10935.053,512.5275,11.9,4.0,0,0,0,0,0,0
2026-07-10 05:00:00,2026-07-10 07:00:00,2026-07-10,7,Friday,0.18,0.033146691845046476,359.81,10855.080249999997,526.215,10.8,72.0,0,0,0,0,0,0
2026-07-10 06:00:00,2026-07-10 08:00:00,2026-07-10,8,Friday,0.17,0.039953818881523155,406.16425,10165.842999999999,529.815,9.4,184.0,0,0,0,0,0,0
2026-07-10 07:00:00,2026-07-10 09:00:00,2026-07-10,9,Friday,0.15,0.07819456340302604,439.7465,5623.74775,541.475,8.3,337.0,0,0,0,0,0,0
2026-07-10 08:00:00,2026-07-10 10:00:00,2026-07-10,10,Friday,0.12,0.1344551586187866,406.133,3020.58325,540.38,9.4,494.0,0,0,0,0,0,0
2026-07-10 09:00:00,2026-07-10 11:00:00,2026-07-10,11,Friday,0.1,0.19411888065153218,421.171,2169.6549999999997,549.94,10.4,630.0,0,0,0,0,0,0
2026-07-10 10:00:00,2026-07-10 12:00:00,2026-07-10,12,Friday,0.07,0.23112153785177814,447.11750000000006,1934.55575,538.5725,9.4,738.0,1,0,0,0,0,0
2026-07-10 11:00:00,2026-07-10 13:00:00,2026-07-10,13,Friday,0.05,0.2702195846260188,541.3415,2003.3392499999998,510.045,9.7,810.0,1,0,0,0,0,0
2026-07-10 12:00:00,2026-07-10 14:00:00,2026-07-10,14,Friday,0.05,0.3195807032135566,715.83425,2239.917,468.265,10.4,845.0,1,0,0,0,0,0
2026-07-10 13:00:00,2026-07-10 15:00:00,2026-07-10,15,Friday,0.07,0.36938491185713895,1021.5692500000001,2765.5955,437.845,10.4,843.0,1,0,0,0,0,0
2026-07-10 14:00:00,2026-07-10 16:00:00,2026-07-10,16,Friday,0.11,0.3790596482385398,1428.9032499999998,3769.6000000000004,435.0825,11.5,794.0,0,0,0,0,0,0
2026-07-10 15:00:00,2026-07-10 17:00:00,2026-07-10,17,Friday,0.13,0.2718098947909352,1782.5007500000002,6557.895,505.77,11.5,697.0,0,0,0,0,0,0
2026-07-10 16:00:00,2026-07-10 18:00:00,2026-07-10,18,Friday,0.16,0.17829289622359468,2127.24125,11931.161,483.34250000000003,11.9,572.0,0,0,0,0,0,0
2026-07-10 17:00:00,2026-07-10 19:00:00,2026-07-10,19,Friday,0.19,0.17786681198714507,2398.80325,13486.514000000001,462.21,16.6,427.0,0,0,0,0,0,0
2026-07-10 18:00:00,2026-07-10 20:00:00,2026-07-10,20,Friday,0.22,0.19621521329547945,2733.56675,13931.472000000002,448.7125,17.3,273.0,0,0,0,0,0,0
2026-07-10 19:00:00,2026-07-10 21:00:00,2026-07-10,21,Friday,0.22,0.19542148710035798,2734.316,13991.89025,447.51,14.8,134.0,0,0,0,0,0,0
2026-07-10 20:00:00,2026-07-10 22:00:00,2026-07-10,22,Friday,0.21,0.17551849190892596,2414.3415,13755.482250000001,459.1775,13.7,29.0,0,0,0,0,0,0
2026-07-10 21:00:00,2026-07-10 23:00:00,2026-07-10,23,Friday,0.18,0.15138696752271313,2033.91025,13435.174,471.28499999999997,13.7,0.0,0,0,0,0,0,0
2026-07-10 22:00:00,2026-07-11 00:00:00,2026-07-11,0,Saturday,0.18,0.1280835388079205,1671.5124999999998,13050.17425,476.4475,12.6,0.0,0,0,0,0,0,0
2026-07-10 23:00:00,2026-07-11 01:00:00,2026-07-11,1,Saturday,0.17,0.11318851174477633,1435.335,12680.924750000002,488.4925,13.3,0.0,0,0,0,0,0,0
2026-07-11 00:00:00,2026-07-11 02:00:00,2026-07-11,2,Saturday,0.17,0.09472248558548665,1189.2665,12555.27125,502.21,12.2,0.0,0,0,0,0,0,0
2026-07-11 01:00:00,2026-07-11 03:00:00,2026-07-11,3,Saturday,0.17,0.07819816723548514,965.62825,12348.476749999998,506.16499999999996,12.6,0.0,0,0,0,0,0,0
2026-07-11 02:00:00,2026-07-11 04:00:00,2026-07-11,4,Saturday,0.17,0.06666455948861251,812.0135,12180.587500000001,508.81,14.0,0.0,0,0,0,0,0,0
2026-07-11 03:00:00,2026-07-11 05:00:00,2026-07-11,5,Saturday,0.17,0.05799133209149349,668.85425,11533.693500000001,516.005,11.9,0.0,0,0,0,0,0,0
2026-07-11 04:00:00,2026-07-11 06:00:00,2026-07-11,6,Saturday,0.16,0.05966199543705609,638.756,10706.246,525.8675000000001,12.2,1.0,0,0,0,0,0,0
2026-07-11 05:00:00,2026-07-11 07:00:00,2026-07-11,7,Saturday,0.15,0.07850824708076387,689.0145,8776.332750000001,528.67,10.8,26.0,0,0,0,0,0,0
2026-07-11 06:00:00,2026-07-11 08:00:00,2026-07-11,8,Saturday,0.15,0.12462503289691063,756.2495,6068.198999999999,515.2825,10.4,108.0,0,0,0,0,0,0
2026-07-11 07:00:00,2026-07-11 09:00:00,2026-07-11,9,Saturday,0.08,0.23905029498631067,740.1685,3096.2877499999995,377.6175,10.1,164.0,1,0,0,0,0,0
2026-07-11 08:00:00,2026-07-11 10:00:00,2026-07-11,10,Saturday,0.02,0.3147532833551706,732.5095,2327.24975,351.5075,9.4,216.0,1,0,0,0,0,0
2026-07-11 09:00:00,2026-07-11 11:00:00,2026-07-11,11,Saturday,0.0,0.29766998064489214,635.0155000000001,2133.2870000000003,467.9225,9.4,611.0,1,0,0,0,0,0
2026-07-11 10:00:00,2026-07-11 12:00:00,2026-07-11,12,Saturday,0.0,0.26134693201939324,516.29975,1975.5339999999999,499.35249999999996,11.2,639.0,1,0,0,0,0,0
2026-07-11 11:00:00,2026-07-11 13:00:00,2026-07-11,13,Saturday,0.0,0.3286839490569344,705.2795,2145.768,452.2775,8.3,820.0,1,0,0,0,0,0
2026-07-11 12:00:00,2026-07-11 14:00:00,2026-07-11,14,Saturday,0.0,0.3803810647135776,899.2787500000001,2364.15225,413.44,8.3,862.0,1,0,0,0,0,0
2026-07-11 13:00:00,2026-07-11 15:00:00,2026-07-11,15,Saturday,0.0,0.43278878619419525,1157.94425,2675.54125,373.39750000000004,10.4,848.0,1,0,0,0,0,0
2026-07-11 14:00:00,2026-07-11 16:00:00,2026-07-11,16,Saturday,0.01,0.5433132217366912,1848.3835000000004,3402.05875,304.685,11.9,795.0,1,1,1,1,1,0
2026-07-11 15:00:00,2026-07-11 17:00:00,2026-07-11,17,Saturday,0.1,0.45606498811280527,2018.8707499999998,4426.71725,350.135,16.9,701.0,0,0,0,0,0,0
2026-07-11 16:00:00,2026-07-11 18:00:00,2026-07-11,18,Saturday,0.15,0.28212044069035136,2201.6054999999997,7803.778750000001,439.21000000000004,10.4,570.0,0,0,0,0,0,0
2026-07-11 17:00:00,2026-07-11 19:00:00,2026-07-11,19,Saturday,0.17,0.24286460552770725,2726.2512500000003,11225.3955,457.695,10.4,425.0,0,0,0,0,0,0
2026-07-11 18:00:00,2026-07-11 20:00:00,2026-07-11,20,Saturday,0.18,0.2429386174973799,3131.9657500000003,12892.0045,444.38,15.1,273.0,0,0,0,0,0,0
2026-07-11 19:00:00,2026-07-11 21:00:00,2026-07-11,21,Saturday,0.19,0.22775244951238796,2983.105,13098.015,458.3125,17.6,132.0,0,0,0,0,0,0
2026-07-11 20:00:00,2026-07-11 22:00:00,2026-07-11,22,Saturday,0.18,0.20879221710125853,2689.6532500000003,12881.961250000002,473.47,11.9,28.0,0,0,0,0,0,0
2026-07-11 21:00:00,2026-07-11 23:00:00,2026-07-11,23,Saturday,0.18,0.18596869415717077,2309.609,12419.343,485.3075,10.8,0.0,0,0,0,0,0,0
2026-07-11 22:00:00,2026-07-12 00:00:00,2026-07-12,0,Sunday,0.17,0.19050836577602712,2164.1075,11359.645499999999,479.3275,16.2,0.0,0,0,0,0,0,0
2026-07-11 23:00:00,2026-07-12 01:00:00,2026-07-12,1,Sunday,0.16,0.2081937092212481,2169.8942500000003,10422.477499999997,484.08500000000004,17.3,0.0,0,0,0,0,0,0
2026-07-12 00:00:00,2026-07-12 02:00:00,2026-07-12,2,Sunday,0.16,0.19707951765559548,1996.68975,10131.3915,496.6275,14.0,0.0,0,0,0,0,0,0
2026-07-12 01:00:00,2026-07-12 03:00:00,2026-07-12,3,Sunday,0.16,0.1863340935326042,1865.40575,10011.08125,505.83000000000004,14.4,0.0,0,0,0,0,0,0
2026-07-12 02:00:00,2026-07-12 04:00:00,2026-07-12,4,Sunday,0.15,0.19563241870512754,1964.52725,10041.931,501.235,13.3,0.0,0,0,0,0,0,0
2026-07-12 03:00:00,2026-07-12 05:00:00,2026-07-12,5,Sunday,0.15,0.21591105535652375,1999.6000000000001,9261.221,496.995,14.4,0.0,0,0,0,0,0,0
2026-07-12 04:00:00,2026-07-12 06:00:00,2026-07-12,6,Sunday,0.13,0.260336692319824,1909.0529999999999,7333.0154999999995,498.16249999999997,14.0,3.0,0,0,0,0,0,0
2026-07-12 05:00:00,2026-07-12 07:00:00,2026-07-12,7,Sunday,0.12,0.3751767121411697,2080.03625,5544.15075,467.395,8.6,54.0,0,0,0,0,0,0
2026-07-12 06:00:00,2026-07-12 08:00:00,2026-07-12,8,Sunday,0.07,0.5276677661825442,2296.0455,4351.309,330.1475,11.2,187.0,1,1,1,1,1,0
2026-07-12 07:00:00,2026-07-12 09:00:00,2026-07-12,9,Sunday,0.01,0.5538487842180118,1859.3990000000001,3357.23225,302.2975,10.8,291.0,1,1,1,1,1,0
2026-07-12 08:00:00,2026-07-12 10:00:00,2026-07-12,10,Sunday,0.0,0.5828436727191157,2131.87925,3657.7204999999994,266.7575,11.5,452.0,1,1,1,1,1,0
2026-07-12 09:00:00,2026-07-12 11:00:00,2026-07-12,11,Sunday,0.0,0.46629159126337116,1268.6797500000002,2720.7862499999997,356.2125,14.4,588.0,1,0,0,0,0,0
2026-07-12 10:00:00,2026-07-12 12:00:00,2026-07-12,12,Sunday,-0.02,0.3988312429844926,921.3245,2310.061,401.9325,12.6,677.0,1,0,0,0,0,1
2026-07-12 11:00:00,2026-07-12 13:00:00,2026-07-12,13,Sunday,-0.02,0.4039528984533197,980.44125,2427.1177500000003,395.0525,11.9,781.0,1,0,0,0,0,1
2026-07-12 12:00:00,2026-07-12 14:00:00,2026-07-12,14,Sunday,-0.02,0.5679286940119437,1897.296,3340.72925,286.69,11.5,818.0,1,1,1,1,1,1
2026-07-12 13:00:00,2026-07-12 15:00:00,2026-07-12,15,Sunday,-0.01,0.5666081547356974,1913.002,3376.2345,283.3225,12.2,720.0,1,1,1,1,1,1
2026-07-12 14:00:00,2026-07-12 16:00:00,2026-07-12,16,Sunday,0.0,0.6456308296603959,2656.70275,4114.8945,233.39,18.0,700.0,1,1,1,1,1,0
2026-07-12 15:00:00,2026-07-12 17:00:00,2026-07-12,17,Sunday,0.01,0.6660263018396202,3469.94425,5209.920749999999,227.6125,17.6,638.0,1,1,1,1,1,0
2026-07-12 16:00:00,2026-07-12 18:00:00,2026-07-12,18,Sunday,0.11,0.5565780644833487,3921.59575,7045.90425,304.1925,16.2,490.0,0,1,0,1,0,0
2026-07-12 17:00:00,2026-07-12 19:00:00,2026-07-12,19,Sunday,0.16,0.3790970923315666,3902.7985000000003,10294.983999999999,398.5875,16.6,424.0,0,0,0,0,0,0
2026-07-12 18:00:00,2026-07-12 20:00:00,2026-07-12,20,Sunday,0.17,0.3303853311391168,3814.86625,11546.717999999999,403.3225,22.0,273.0,0,0,0,0,0,0
2026-07-12 19:00:00,2026-07-12 21:00:00,2026-07-12,21,Sunday,0.17,0.33929683158569157,3968.108,11695.092999999999,397.6525,20.2,132.0,0,0,0,0,0,0
2026-07-12 20:00:00,2026-07-12 22:00:00,2026-07-12,22,Sunday,0.17,0.3379930397303381,3857.099,11411.770499999999,399.755,16.6,28.0,0,0,0,0,0,0
2026-07-12 21:00:00,2026-07-12 23:00:00,2026-07-12,23,Sunday,0.17,0.3213201343996276,3634.968,11312.60575,406.5725,14.0,0.0,0,0,0,0,0,0
2026-07-12 22:00:00,2026-07-13 00:00:00,2026-07-13,0,Monday,0.16,0.3038528243112453,3316.928,10916.232250000001,417.2375,15.5,0.0,0,0,0,0,0,0
2026-07-12 23:00:00,2026-07-13 01:00:00,2026-07-13,1,Monday,0.15,0.2930108601493244,3118.8095,10644.0065,425.62,16.6,0.0,0,0,0,0,0,0
2026-07-13 00:00:00,2026-07-13 02:00:00,2026-07-13,2,Monday,0.15,0.2814386233951557,2961.437,10522.49675,441.305,12.2,0.0,0,0,0,0,0,0
2026-07-13 01:00:00,2026-07-13 03:00:00,2026-07-13,3,Monday,0.15,0.2655405032304292,2771.1079999999997,10435.72625,448.9,11.9,0.0,0,0,0,0,0,0
2026-07-13 02:00:00,2026-07-13 04:00:00,2026-07-13,4,Monday,0.15,0.2405214072167524,2463.276,10241.40025,453.4425,15.8,0.0,0,0,0,0,0,0
2026-07-13 03:00:00,2026-07-13 05:00:00,2026-07-13,5,Monday,0.16,0.21460784622383672,2157.453,10053.0015,454.9325,12.2,0.0,0,0,0,0,0,0
2026-07-13 04:00:00,2026-07-13 06:00:00,2026-07-13,6,Monday,0.18,0.1863768617445678,1864.6437499999997,10004.6955,474.7875,10.4,0.0,0,0,0,0,0,0
2026-07-13 05:00:00,2026-07-13 07:00:00,2026-07-13,7,Monday,0.18,0.18281993003301297,1787.8035,9779.0405,476.635,9.4,18.0,0,0,0,0,0,0
2026-07-13 06:00:00,2026-07-13 08:00:00,2026-07-13,8,Monday,0.17,0.19513202560360327,1762.2362500000002,9030.994499999999,494.47749999999996,7.6,83.0,0,0,0,0,0,0
2026-07-13 07:00:00,2026-07-13 09:00:00,2026-07-13,9,Monday,0.15,0.2754445523437883,1758.8735,6385.581,485.1,7.6,58.0,0,0,0,0,0,0
2026-07-13 08:00:00,2026-07-13 10:00:00,2026-07-13,10,Monday,0.12,0.4466366280342812,1700.66175,3807.70775,419.705,7.2,149.0,0,0,0,0,0,0
2026-07-13 09:00:00,2026-07-13 11:00:00,2026-07-13,11,Monday,0.08,0.5146964304706617,1739.7375,3380.1235,370.65999999999997,8.6,343.0,1,0,0,0,0,0
2026-07-13 10:00:00,2026-07-13 12:00:00,2026-07-13,12,Monday,0.05,0.5002310403326423,1613.28825,3225.08625,382.83,6.8,754.0,1,0,0,0,0,0
2026-07-13 11:00:00,2026-07-13 13:00:00,2026-07-13,13,Monday,0.02,0.516556504465836,1725.9040000000002,3341.1717500000004,368.7025,9.0,839.0,1,0,0,0,0,0
2026-07-13 12:00:00,2026-07-13 14:00:00,2026-07-13,14,Monday,0.01,0.5564447785754452,2040.23775,3666.55925,339.475,10.8,880.0,1,1,1,1,1,0
2026-07-13 13:00:00,2026-07-13 15:00:00,2026-07-13,15,Monday,0.05,0.6010969153346217,2705.1175000000003,4500.3017500000005,311.9425,13.0,873.0,1,1,1,1,1,0
2026-07-13 14:00:00,2026-07-13 16:00:00,2026-07-13,16,Monday,0.1,0.5728869960049497,3125.5647500000005,5455.813750000001,345.975,13.0,809.0,0,0,0,0,0,0
2026-07-13 15:00:00,2026-07-13 17:00:00,2026-07-13,17,Monday,0.13,0.42439610867170086,3322.727,7829.3060000000005,422.1125,13.0,714.0,0,0,0,0,0,0
2026-07-13 16:00:00,2026-07-13 18:00:00,2026-07-13,18,Monday,0.15,0.28763764795933916,3250.1355000000003,11299.409249999999,455.63,12.6,586.0,0,0,0,0,0,0
2026-07-13 17:00:00,2026-07-13 19:00:00,2026-07-13,19,Monday,0.18,0.26159174762734816,3395.72725,12981.018249999997,448.4925,10.1,432.0,0,0,0,0,0,0
2026-07-13 18:00:00,2026-07-13 20:00:00,2026-07-13,20,Monday,0.21,0.25176521408114555,3403.44575,13518.331999999999,438.675,12.6,278.0,0,0,0,0,0,0
2026-07-13 19:00:00,2026-07-13 21:00:00,2026-07-13,21,Monday,0.21,0.24871246721312276,3444.918,13851.0065,443.45,17.6,134.0,0,0,0,0,0,0
2026-07-13 20:00:00,2026-07-13 22:00:00,2026-07-13,22,Monday,0.19,0.24005892069238763,3323.83175,13845.89975,449.5925,16.9,26.0,0,0,0,0,0,0
2026-07-13 21:00:00,2026-07-13 23:00:00,2026-07-13,23,Monday,0.17,0.2207076597895074,2971.857,13465.128499999999,462.40999999999997,17.3,0.0,0,0,0,0,0,0
2026-07-13 22:00:00,2026-07-14 00:00:00,2026-07-14,0,Tuesday,0.17,0.20395556469909226,2585.759,12678.050749999999,466.795,12.2,0.0,0,0,0,0,0,0
2026-07-13 23:00:00,2026-07-14 01:00:00,2026-07-14,1,Tuesday,0.16,0.20815394340797863,2488.35675,11954.405999999999,471.27,15.1,0.0,0,0,0,0,0,0
2026-07-14 00:00:00,2026-07-14 02:00:00,2026-07-14,2,Tuesday,0.16,0.20683634837964993,2416.6095,11683.679,473.24,11.9,0.0,0,0,0,0,0,0
2026-07-14 01:00:00,2026-07-14 03:00:00,2026-07-14,3,Tuesday,0.16,0.20522628695488165,2408.0289999999995,11733.531,470.9575,14.8,0.0,0,0,0,0,0,0
2026-07-14 02:00:00,2026-07-14 04:00:00,2026-07-14,4,Tuesday,0.16,0.1796164184611009,2056.20125,11447.735499999999,483.58000000000004,10.4,0.0,0,0,0,0,0,0
2026-07-14 03:00:00,2026-07-14 05:00:00,2026-07-14,5,Tuesday,0.17,0.16935617625659052,1928.61175,11387.90325,483.77,11.5,0.0,0,0,0,0,0,0
2026-07-14 04:00:00,2026-07-14 06:00:00,2026-07-14,6,Tuesday,0.17,0.17295746069197984,1970.9827500000001,11395.765999999998,491.845,15.1,3.0,0,0,0,0,0,0
2026-07-14 05:00:00,2026-07-14 07:00:00,2026-07-14,7,Tuesday,0.17,0.1707251232786746,1894.7984999999999,11098.533500000001,505.2275,15.1,65.0,0,0,0,0,0,0
2026-07-14 06:00:00,2026-07-14 08:00:00,2026-07-14,8,Tuesday,0.16,0.17316095519786884,1775.93525,10255.97975,521.8275,11.5,186.0,0,0,0,0,0,0
2026-07-14 07:00:00,2026-07-14 09:00:00,2026-07-14,9,Tuesday,0.15,0.24392772327213916,1829.4799999999998,7500.0905,531.7975,11.2,338.0,0,0,0,0,0,0
2026-07-14 08:00:00,2026-07-14 10:00:00,2026-07-14,10,Tuesday,0.12,0.37981083092305085,1859.1084999999998,4894.8275,516.1975,11.9,489.0,0,0,0,0,0,0
2026-07-14 09:00:00,2026-07-14 11:00:00,2026-07-14,11,Tuesday,0.07,0.4885493430249722,1876.2365000000002,3840.42375,423.5125,13.3,623.0,1,0,0,0,0,0
2026-07-14 10:00:00,2026-07-14 12:00:00,2026-07-14,12,Tuesday,0.02,0.5625365484080865,1946.06875,3459.4529999999995,343.77,14.8,744.0,1,0,0,0,0,0
2026-07-14 11:00:00,2026-07-14 13:00:00,2026-07-14,13,Tuesday,0.0,0.5829917606649089,2064.03875,3540.42525,322.455,14.8,825.0,1,1,1,1,1,0
2026-07-14 12:00:00,2026-07-14 14:00:00,2026-07-14,14,Tuesday,0.0,0.5774764870120797,2081.98825,3605.3212500000004,324.4525,13.7,851.0,1,1,1,1,1,0
2026-07-14 13:00:00,2026-07-14 15:00:00,2026-07-14,15,Tuesday,0.02,0.5941112704985843,2414.77625,4064.5184999999997,316.6775,15.5,841.0,1,1,1,1,1,0
2026-07-14 14:00:00,2026-07-14 16:00:00,2026-07-14,16,Tuesday,0.08,0.5986797747490542,3003.88475,5017.514999999999,316.6075,15.8,791.0,1,1,1,1,1,0
2026-07-14 15:00:00,2026-07-14 17:00:00,2026-07-14,17,Tuesday,0.12,0.5030246659865131,3403.52475,6766.119000000001,383.0175,16.6,695.0,0,0,0,0,0,0
2026-07-14 16:00:00,2026-07-14 18:00:00,2026-07-14,18,Tuesday,0.13,0.38880553979586663,3794.3485,9758.98775,429.47,18.7,568.0,0,0,0,0,0,0
2026-07-14 17:00:00,2026-07-14 19:00:00,2026-07-14,19,Tuesday,0.17,0.324599353764273,4152.226000000001,12791.849250000001,420.21500000000003,18.4,420.0,0,0,0,0,0,0
2026-07-14 18:00:00,2026-07-14 20:00:00,2026-07-14,20,Tuesday,0.19,0.29408546607658764,4151.96375,14118.221499999998,424.1825,24.8,268.0,0,0,0,0,0,0
2026-07-14 19:00:00,2026-07-14 21:00:00,2026-07-14,21,Tuesday,0.21,0.28038131812952705,3959.35775,14121.33225,429.8675,17.3,128.0,0,0,0,0,0,0
2026-07-14 20:00:00,2026-07-14 22:00:00,2026-07-14,22,Tuesday,0.21,0.27869535851926464,3900.1135,13994.18175,430.09749999999997,17.3,23.0,0,0,0,0,0,0
2026-07-14 21:00:00,2026-07-14 23:00:00,2026-07-14,23,Tuesday,0.18,0.27879286176508605,3889.3917500000002,13950.82975,431.33500000000004,17.3,0.0,0,0,0,0,0,0
2026-07-14 22:00:00,2026-07-15 00:00:00,2026-07-15,0,Wednesday,0.18,0.26361184193856946,3602.3985000000002,13665.541249999998,436.65,18.4,0.0,0,0,0,0,0,0
2026-07-14 23:00:00,2026-07-15 01:00:00,2026-07-15,1,Wednesday,0.17,0.24793341521066495,3296.85275,13297.33125,443.5325,17.6,0.0,0,0,0,0,0,0
2026-07-15 00:00:00,2026-07-15 02:00:00,2026-07-15,2,Wednesday,0.17,0.2344787426505377,3026.94125,12909.235250000002,458.395,15.1,0.0,0,0,0,0,0,0
2026-07-15 01:00:00,2026-07-15 03:00:00,2026-07-15,3,Wednesday,0.16,0.22045695976213528,2800.9135,12705.0355,466.055,13.0,0.0,0,0,0,0,0,0
2026-07-15 02:00:00,2026-07-15 04:00:00,2026-07-15,4,Wednesday,0.16,0.209059229736954,2599.76525,12435.544,470.705,13.7,0.0,0,0,0,0,0,0
2026-07-15 03:00:00,2026-07-15 05:00:00,2026-07-15,5,Wednesday,0.17,0.19574096609123331,2435.9192500000004,12444.60625,469.3125,13.3,0.0,0,0,0,0,0,0
2026-07-15 04:00:00,2026-07-15 06:00:00,2026-07-15,6,Wednesday,0.18,0.18183153679840824,2236.616,12300.484499999999,473.92499999999995,11.2,2.0,0,0,0,0,0,0
2026-07-15 05:00:00,2026-07-15 07:00:00,2026-07-15,7,Wednesday,0.19,0.1738435739207868,2116.16875,12172.832750000001,487.255,12.6,65.0,0,0,0,0,0,0
2026-07-15 06:00:00,2026-07-15 08:00:00,2026-07-15,8,Wednesday,0.18,0.17054847687973496,1921.08725,11264.17125,509.325,14.8,188.0,0,0,0,0,0,0
2026-07-15 07:00:00,2026-07-15 09:00:00,2026-07-15,9,Wednesday,0.16,0.2276999402085019,1749.2165,7682.11225,534.8975,12.6,335.0,0,0,0,0,0,0
2026-07-15 08:00:00,2026-07-15 10:00:00,2026-07-15,10,Wednesday,0.13,0.35312329466390824,1613.20175,4568.381,534.405,9.7,489.0,0,0,0,0,0,0
2026-07-15 09:00:00,2026-07-15 11:00:00,2026-07-15,11,Wednesday,0.1,0.457181890426463,1578.60975,3452.9139999999998,442.6475,11.2,628.0,0,0,0,0,0,0
2026-07-15 10:00:00,2026-07-15 12:00:00,2026-07-15,12,Wednesday,0.05,0.5591474329789395,1800.43125,3219.958,337.18,13.7,741.0,1,1,1,1,1,0
2026-07-15 11:00:00,2026-07-15 13:00:00,2026-07-15,13,Wednesday,0.04,0.5786353263513451,1980.129,3422.06725,315.87,13.7,823.0,1,1,1,1,1,0
2026-07-15 12:00:00,2026-07-15 14:00:00,2026-07-15,14,Wednesday,0.02,0.5677019979137089,1962.734,3457.3315,317.90999999999997,16.6,863.0,1,1,1,1,1,0
2026-07-15 13:00:00,2026-07-15 15:00:00,2026-07-15,15,Wednesday,0.05,0.5831564434012954,2128.307,3649.633,310.14,16.2,853.0,1,1,1,1,1,0
2026-07-15 14:00:00,2026-07-15 16:00:00,2026-07-15,16,Wednesday,0.1,0.5281018300303826,2402.4555,4549.22775,359.6325,17.3,801.0,0,0,0,0,0,0
2026-07-15 15:00:00,2026-07-15 17:00:00,2026-07-15,17,Wednesday,0.13,0.4189906185244032,2839.9567500000003,6778.0915,431.54,20.2,705.0,0,0,0,0,0,0
2026-07-15 16:00:00,2026-07-15 18:00:00,2026-07-15,18,Wednesday,0.16,0.3008884996738995,3213.71725,10680.758000000002,458.15999999999997,18.7,530.0,0,0,0,0,0,0
2026-07-15 17:00:00,2026-07-15 19:00:00,2026-07-15,19,Wednesday,0.17,0.26398382954758415,3582.1130000000003,13569.441,445.4375,18.4,415.0,0,0,0,0,0,0
2026-07-15 18:00:00,2026-07-15 20:00:00,2026-07-15,20,Wednesday,0.22,0.26918754933890304,3886.89425,14439.353750000002,435.3325,20.5,270.0,0,0,0,0,0,0
2026-07-15 19:00:00,2026-07-15 21:00:00,2026-07-15,21,Wednesday,0.23,0.2646041525405384,3893.23375,14713.4265,435.09,17.6,127.0,0,0,0,0,0,0
2026-07-15 20:00:00,2026-07-15 22:00:00,2026-07-15,22,Wednesday,0.23,0.254239532500313,3687.3295000000003,14503.368000000002,441.5925,14.8,24.0,0,0,0,0,0,0
2026-07-15 21:00:00,2026-07-15 23:00:00,2026-07-15,23,Wednesday,0.21,0.22937233548682956,3227.10625,14069.291500000001,455.7625,18.0,0.0,0,0,0,0,0,0
2026-07-15 22:00:00,2026-07-16 00:00:00,2026-07-16,0,Thursday,0.21,0.21376412304295803,2960.2439999999997,13848.17975,462.625,14.4,0.0,0,0,0,0,0,0
2026-07-15 23:00:00,2026-07-16 01:00:00,2026-07-16,1,Thursday,0.19,0.1869496519081183,2499.852,13371.79275,478.5675,14.4,0.0,0,0,0,0,0,0
2026-07-16 00:00:00,2026-07-16 02:00:00,2026-07-16,2,Thursday,0.18,0.1560360155306201,2017.5465,12930.005250000002,492.125,13.3,0.0,0,0,0,0,0,0
2026-07-16 01:00:00,2026-07-16 03:00:00,2026-07-16,3,Thursday,0.18,0.13018289264409244,1666.0735,12797.945000000002,498.7375,12.2,0.0,0,0,0,0,0,0
2026-07-16 02:00:00,2026-07-16 04:00:00,2026-07-16,4,Thursday,0.17,0.11555568371302843,1464.712,12675.378250000002,499.6375,12.2,0.0,0,0,0,0,0,0
2026-07-16 03:00:00,2026-07-16 05:00:00,2026-07-16,5,Thursday,0.18,0.09585367491554375,1193.287,12449.047999999999,508.98,12.2,0.0,0,0,0,0,0,0
2026-07-16 04:00:00,2026-07-16 06:00:00,2026-07-16,6,Thursday,0.19,0.09057433522085481,1128.9592499999999,12464.44975,511.5475,10.8,2.0,0,0,0,0,0,0
2026-07-16 05:00:00,2026-07-16 07:00:00,2026-07-16,7,Thursday,0.21,0.0889609837460055,1104.8045,12418.978000000001,518.1525,11.5,48.0,0,0,0,0,0,0
2026-07-16 06:00:00,2026-07-16 08:00:00,2026-07-16,8,Thursday,0.19,0.08329322364964054,1015.0425,12186.3755,533.8050000000001,11.9,135.0,0,0,0,0,0,0
2026-07-16 07:00:00,2026-07-16 09:00:00,2026-07-16,9,Thursday,0.17,0.12170852563619824,1126.87225,9258.778250000001,538.675,10.8,314.0,0,0,0,0,0,0
2026-07-16 08:00:00,2026-07-16 10:00:00,2026-07-16,10,Thursday,0.15,0.17322424890449506,1092.41075,6306.3385,529.4975,10.8,138.0,0,0,0,0,0,0
2026-07-16 09:00:00,2026-07-16 11:00:00,2026-07-16,11,Thursday,0.13,0.21900643757033095,1255.0165000000002,5730.500499999999,552.575,11.9,548.0,0,0,0,0,0,0
2026-07-16 10:00:00,2026-07-16 12:00:00,2026-07-16,12,Thursday,0.12,0.21039918690074366,1175.55575,5587.26375,594.145,10.1,555.0,0,0,0,0,0,0
2026-07-16 11:00:00,2026-07-16 13:00:00,2026-07-16,13,Thursday,0.11,0.23141402772974462,1302.3105,5627.62125,568.46,9.0,142.0,0,0,0,0,0,0
2026-07-16 12:00:00,2026-07-16 14:00:00,2026-07-16,14,Thursday,0.12,0.234525506908499,1392.95475,5939.459500000001,534.1025,10.4,269.0,0,0,0,0,0,0
2026-07-16 13:00:00,2026-07-16 15:00:00,2026-07-16,15,Thursday,0.13,0.2055791772983442,1447.7985,7042.53475,535.6324999999999,11.2,254.0,0,0,0,0,0,0
2026-07-16 14:00:00,2026-07-16 16:00:00,2026-07-16,16,Thursday,0.15,0.16076491126616863,1434.77575,8924.68225,526.525,10.4,155.0,0,0,0,0,0,0
2026-07-16 15:00:00,2026-07-16 17:00:00,2026-07-16,17,Thursday,0.17,0.10941925077293375,1275.4344999999998,11656.399500000001,520.25,10.8,634.0,0,0,0,0,0,0
2026-07-16 16:00:00,2026-07-16 18:00:00,2026-07-16,18,Thursday,0.18,0.09007136119212165,1175.2689999999998,13048.198499999999,514.48,13.7,233.0,0,0,0,0,0,0
2026-07-16 17:00:00,2026-07-16 19:00:00,2026-07-16,19,Thursday,0.24,0.09814340227544058,1309.85075,13346.2945,508.34000000000003,12.6,189.0,0,0,0,0,0,0
2026-07-16 18:00:00,2026-07-16 20:00:00,2026-07-16,20,Thursday,0.29,0.1058321923392275,1447.56725,13677.94825,488.2575,12.6,189.0,0,0,0,0,0,0
2026-07-16 19:00:00,2026-07-16 21:00:00,2026-07-16,21,Thursday,0.29,0.11564785592944991,1617.4679999999998,13986.147749999998,482.19,15.8,67.0,0,0,0,0,0,0
2026-07-16 20:00:00,2026-07-16 22:00:00,2026-07-16,22,Thursday,0.25,0.09811143199652451,1353.4292500000001,13794.817,494.9575,9.4,9.0,0,0,0,0,0,0
2026-07-16 21:00:00,2026-07-16 23:00:00,2026-07-16,23,Thursday,0.22,0.0856260630125539,1170.43475,13669.14125,505.3,9.0,0.0,0,0,0,0,0,0
2026-07-16 22:00:00,2026-07-17 00:00:00,2026-07-17,0,Friday,0.21,0.07651326397964578,1034.56025,13521.319,507.755,13.0,0.0,0,0,0,0,0,0
2026-07-17 04:00:00,2026-07-17 06:00:00,2026-07-17,6,Friday,0.18,0.08876760895582582,1200.32575,13522.11425,492.2075,11.5,2.0,0,0,0,0,0,0
2026-07-17 05:00:00,2026-07-17 07:00:00,2026-07-17,7,Friday,0.19,0.08492882692295908,1157.0590000000002,13623.866499999998,497.57,13.0,61.0,0,0,0,0,0,0
2026-07-17 06:00:00,2026-07-17 08:00:00,2026-07-17,8,Friday,0.18,0.07267712443177785,949.3734999999999,13062.893000000002,514.71,7.9,184.0,0,0,0,0,0,0
2026-07-17 07:00:00,2026-07-17 09:00:00,2026-07-17,9,Friday,0.17,0.08992654972675618,856.62525,9525.832499999999,549.215,9.4,307.0,0,0,0,0,0,0
2026-07-17 08:00:00,2026-07-17 10:00:00,2026-07-17,10,Friday,0.16,0.10703958884563256,694.033,6483.89075,581.6700000000001,6.1,477.0,0,0,0,0,0,0
2026-07-17 09:00:00,2026-07-17 11:00:00,2026-07-17,11,Friday,0.13,0.15874239337057028,859.8399999999999,5416.5745,576.1525,7.6,621.0,0,0,0,0,0,0
2026-07-17 10:00:00,2026-07-17 12:00:00,2026-07-17,12,Friday,0.12,0.19539654113534405,1018.5817499999999,5212.8955000000005,583.105,4.7,737.0,0,0,0,0,0,0
2026-07-17 11:00:00,2026-07-17 13:00:00,2026-07-17,13,Friday,0.12,0.20834315540656106,1030.5365,4946.342,583.2525,6.8,772.0,0,0,0,0,0,0
2026-07-17 12:00:00,2026-07-17 14:00:00,2026-07-17,14,Friday,0.12,0.22282514225375588,996.0295000000001,4470.005,559.635,5.0,822.0,0,0,0,0,0,0
2026-07-17 13:00:00,2026-07-17 15:00:00,2026-07-17,15,Friday,0.12,0.219768359191535,1071.18675,4874.16275,575.79,10.8,833.0,0,0,0,0,0,0
2026-07-17 14:00:00,2026-07-17 16:00:00,2026-07-17,16,Friday,0.13,0.19630307249424825,1104.38175,5625.9015,605.4875,11.5,777.0,0,0,0,0,0,0
2026-07-17 15:00:00,2026-07-17 17:00:00,2026-07-17,17,Friday,0.16,0.17511763706644515,1221.604,6975.905,572.0325,13.0,681.0,0,0,0,0,0,0
2026-07-17 16:00:00,2026-07-17 18:00:00,2026-07-17,18,Friday,0.17,0.14525045356507604,1438.2055,9901.555999999999,520.7025,14.4,560.0,0,0,0,0,0,0
2026-07-17 17:00:00,2026-07-17 19:00:00,2026-07-17,19,Friday,0.18,0.11703908336255678,1395.1495,11920.372749999999,507.145,14.8,315.0,0,0,0,0,0,0
2026-07-17 18:00:00,2026-07-17 20:00:00,2026-07-17,20,Friday,0.19,0.10047507204074228,1221.2585000000001,12154.840750000001,505.7575,14.8,182.0,0,0,0,0,0,0
2026-07-17 19:00:00,2026-07-17 21:00:00,2026-07-17,21,Friday,0.21,0.07208338358237407,852.3455,11824.438,523.2625,13.7,122.0,0,0,0,0,0,0
2026-07-17 20:00:00,2026-07-17 22:00:00,2026-07-17,22,Friday,0.19,0.05179790542726902,602.169,11625.35425,536.905,11.9,15.0,0,0,0,0,0,0
2026-07-17 21:00:00,2026-07-17 23:00:00,2026-07-17,23,Friday,0.19,0.06057133620032718,712.882,11769.29625,523.3175,12.6,0.0,0,0,0,0,0,0
2026-07-17 22:00:00,2026-07-18 00:00:00,2026-07-18,0,Saturday,0.19,0.0907214128987079,1065.98175,11750.056750000002,510.92,9.7,0.0,0,0,0,0,0,0
2026-07-17 23:00:00,2026-07-18 01:00:00,2026-07-18,1,Saturday,0.18,0.1311528984353271,1373.5145,10472.62025,481.09000000000003,8.6,0.0,0,0,0,0,0,0
2026-07-18 00:00:00,2026-07-18 02:00:00,2026-07-18,2,Saturday,0.17,0.15412537507153848,1510.93675,9803.296499999999,468.48,14.0,0.0,0,0,0,0,0,0
2026-07-18 01:00:00,2026-07-18 03:00:00,2026-07-18,3,Saturday,0.17,0.17413895392492826,1539.7365,8841.999249999999,440.655,15.8,0.0,0,0,0,0,0,0
2026-07-18 02:00:00,2026-07-18 04:00:00,2026-07-18,4,Saturday,0.17,0.20621345311221792,1538.2425,7459.46725,443.6475,15.8,0.0,0,0,0,0,0,0
2026-07-18 03:00:00,2026-07-18 05:00:00,2026-07-18,5,Saturday,0.16,0.2560508588010676,1678.7887500000002,6556.465999999999,428.5475,10.1,0.0,0,0,0,0,0,0
2026-07-18 04:00:00,2026-07-18 06:00:00,2026-07-18,6,Saturday,0.16,0.30174598998467406,1760.208,5833.40975,411.85249999999996,9.4,0.0,0,0,0,0,0,0
2026-07-18 05:00:00,2026-07-18 07:00:00,2026-07-18,7,Saturday,0.15,0.3384227275232672,1791.3105,5293.115249999999,350.64750000000004,14.4,10.0,0,0,0,0,0,0
2026-07-18 06:00:00,2026-07-18 08:00:00,2026-07-18,8,Saturday,0.12,0.39676296147765977,1759.5682499999998,4434.809749999999,275.22249999999997,12.6,29.0,0,1,0,1,0,0
2026-07-18 07:00:00,2026-07-18 09:00:00,2026-07-18,9,Saturday,0.06,0.5363374886765112,1983.263,3697.78925,162.2125,14.0,63.0,1,1,1,1,1,0
2026-07-18 08:00:00,2026-07-18 10:00:00,2026-07-18,10,Saturday,0.01,0.5513863171650418,1873.20075,3397.2565,123.22749999999999,11.5,57.0,1,1,1,1,1,0
2026-07-18 09:00:00,2026-07-18 11:00:00,2026-07-18,11,Saturday,0.0,0.5207561971921343,1615.34875,3101.929,125.275,10.4,115.0,1,1,1,1,1,0
2026-07-18 10:00:00,2026-07-18 12:00:00,2026-07-18,12,Saturday,0.0,0.5167784293393849,1519.56475,2940.4570000000003,121.63,12.2,73.0,1,1,1,1,1,0
2026-07-18 11:00:00,2026-07-18 13:00:00,2026-07-18,13,Saturday,0.0,0.4927452009768406,1355.8,2751.5235000000002,126.9925,10.8,129.0,1,1,1,1,1,0
2026-07-18 12:00:00,2026-07-18 14:00:00,2026-07-18,14,Saturday,0.0,0.5539721957555562,1777.531,3208.70075,133.9675,13.0,406.0,1,1,1,1,1,0
2026-07-18 13:00:00,2026-07-18 15:00:00,2026-07-18,15,Saturday,0.0,0.5492510448905553,1762.2555,3208.4700000000003,139.10750000000002,10.8,318.0,1,1,1,1,1,0
2026-07-18 14:00:00,2026-07-18 16:00:00,2026-07-18,16,Saturday,0.0,0.5977191510188015,2247.164,3759.565,133.39249999999998,12.6,390.0,1,1,1,1,1,0
2026-07-18 15:00:00,2026-07-18 17:00:00,2026-07-18,17,Saturday,0.0,0.607432742539419,2422.0105,3987.2899999999995,134.355,15.1,583.0,1,1,1,1,1,0
2026-07-18 16:00:00,2026-07-18 18:00:00,2026-07-18,18,Saturday,0.07,0.6027296523197662,2764.1545,4586.06025,166.56,15.1,150.0,1,1,1,1,1,0
2026-07-18 17:00:00,2026-07-18 19:00:00,2026-07-18,19,Saturday,0.13,0.5403879626400689,2830.3594999999996,5237.643499999999,233.7225,17.3,224.0,0,1,0,1,0,0
2026-07-18 18:00:00,2026-07-18 20:00:00,2026-07-18,20,Saturday,0.16,0.50110947830318,3113.5902499999997,6213.39325,284.845,15.1,165.0,0,1,0,1,0,0
2026-07-18 19:00:00,2026-07-18 21:00:00,2026-07-18,21,Saturday,0.18,0.5116248482796621,3260.77075,6373.36275,291.21500000000003,16.6,26.0,0,1,0,1,0,0
2026-07-18 20:00:00,2026-07-18 22:00:00,2026-07-18,22,Saturday,0.18,0.47048730459426774,2947.0205,6263.762000000001,308.9475,11.5,21.0,0,1,0,1,0,0
2026-07-18 21:00:00,2026-07-18 23:00:00,2026-07-18,23,Saturday,0.18,0.5093577003577896,3374.0584999999996,6624.1435,293.355,9.7,0.0,0,1,0,1,0,0
2026-07-18 22:00:00,2026-07-19 00:00:00,2026-07-19,0,Sunday,0.17,0.5361525262968735,3690.6665000000003,6883.613,272.6625,11.2,0.0,0,1,0,1,0,0
2026-07-18 23:00:00,2026-07-19 01:00:00,2026-07-19,1,Sunday,0.16,0.54899764780373,3778.6535,6882.822749999999,276.3175,16.6,0.0,0,1,0,1,0,0
2026-07-19 00:00:00,2026-07-19 02:00:00,2026-07-19,2,Sunday,0.15,0.5514566854396367,3742.3062499999996,6786.21975,276.34749999999997,15.8,0.0,0,1,0,1,0,0
2026-07-19 01:00:00,2026-07-19 03:00:00,2026-07-19,3,Sunday,0.15,0.6027186266355469,3642.61425,6043.63975,248.685,15.1,0.0,0,1,0,1,0,0
2026-07-19 02:00:00,2026-07-19 04:00:00,2026-07-19,4,Sunday,0.13,0.6614114476746101,3573.8957499999997,5403.437999999999,205.81,14.4,0.0,0,1,0,1,0,0
2026-07-19 03:00:00,2026-07-19 05:00:00,2026-07-19,5,Sunday,0.13,0.6886621329312197,3539.15625,5139.1765,186.615,14.0,0.0,0,1,0,1,0,0
2026-07-19 04:00:00,2026-07-19 06:00:00,2026-07-19,6,Sunday,0.11,0.689692443745701,3728.84375,5406.53125,165.6025,14.0,1.0,0,1,0,1,0,0
2026-07-19 05:00:00,2026-07-19 07:00:00,2026-07-19,7,Sunday,0.1,0.6905208637987851,3373.88425,4885.999,133.9125,15.8,18.0,0,1,0,1,0,0
2026-07-19 06:00:00,2026-07-19 08:00:00,2026-07-19,8,Sunday,0.05,0.6788671691410867,2971.563,4377.23775,121.6575,15.5,108.0,1,1,1,1,1,0
2026-07-19 07:00:00,2026-07-19 09:00:00,2026-07-19,9,Sunday,0.0,0.6814127525053968,3050.505,4476.736,113.9425,16.6,316.0,1,1,1,1,1,0
2026-07-19 08:00:00,2026-07-19 10:00:00,2026-07-19,10,Sunday,0.0,0.6610940252564735,2684.5055,4060.7015,117.8725,16.9,453.0,1,1,1,1,1,0
2026-07-19 09:00:00,2026-07-19 11:00:00,2026-07-19,11,Sunday,0.0,0.6666942547378372,2817.35675,4225.86025,115.11,16.2,539.0,1,1,1,1,1,0
2026-07-19 10:00:00,2026-07-19 12:00:00,2026-07-19,12,Sunday,0.0,0.6582358443387453,2729.5254999999997,4146.72875,117.1075,16.2,722.0,1,1,1,1,1,0
2026-07-19 11:00:00,2026-07-19 13:00:00,2026-07-19,13,Sunday,0.0,0.6286927707131279,2361.9047499999997,3756.8504999999996,124.8725,17.6,766.0,1,1,1,1,1,0
2026-07-19 12:00:00,2026-07-19 14:00:00,2026-07-19,14,Sunday,0.0,0.5481462745611886,1726.67625,3150.0282499999994,150.1575,17.6,772.0,1,1,1,1,1,0
2026-07-19 13:00:00,2026-07-19 15:00:00,2026-07-19,15,Sunday,0.0,0.5018824159937819,1435.0945,2859.42375,162.48,18.7,847.0,1,1,1,1,1,0
2026-07-19 14:00:00,2026-07-19 16:00:00,2026-07-19,16,Sunday,0.0,0.5559043200848653,1802.153,3241.84025,142.0725,19.8,644.0,1,1,1,1,1,0
2026-07-19 15:00:00,2026-07-19 17:00:00,2026-07-19,17,Sunday,0.0,0.5588583014361838,2043.1615000000002,3655.95625,179.6225,16.9,654.0,1,1,1,1,1,0
2026-07-19 16:00:00,2026-07-19 18:00:00,2026-07-19,18,Sunday,0.05,0.5852074538882319,2944.3112499999997,5031.226499999999,203.5,15.8,540.0,1,1,1,1,1,0
2026-07-19 17:00:00,2026-07-19 19:00:00,2026-07-19,19,Sunday,0.15,0.4807012414521662,2882.17925,5995.78075,291.8725,14.8,383.0,0,1,0,1,0,0
2026-07-19 18:00:00,2026-07-19 20:00:00,2026-07-19,20,Sunday,0.18,0.36540378943563395,2783.9092499999997,7618.7202499999985,389.72,17.6,198.0,0,0,0,0,0,0
2026-07-19 19:00:00,2026-07-19 21:00:00,2026-07-19,21,Sunday,0.18,0.30846401355860403,2378.1475,7709.64325,432.1625,13.7,118.0,0,0,0,0,0,0
2026-07-19 20:00:00,2026-07-19 22:00:00,2026-07-19,22,Sunday,0.18,0.28721993528774015,2148.4375,7480.11275,437.0625,13.7,21.0,0,0,0,0,0,0
2026-07-19 21:00:00,2026-07-19 23:00:00,2026-07-19,23,Sunday,0.17,0.31631356317999104,2457.96025,7770.6445,420.93,15.5,0.0,0,0,0,0,0,0
2026-07-19 22:00:00,2026-07-20 00:00:00,2026-07-20,0,Monday,0.18,0.3402947362651747,2930.55625,8611.81775,391.6775,11.2,0.0,0,0,0,0,0,0
2026-07-19 23:00:00,2026-07-20 01:00:00,2026-07-20,1,Monday,0.17,0.38559914979562,2984.81775,7740.727,370.01750000000004,11.5,0.0,0,0,0,0,0,0
2026-07-20 00:00:00,2026-07-20 02:00:00,2026-07-20,2,Monday,0.16,0.4340227640171162,2735.40525,6302.4465,333.15999999999997,15.5,0.0,0,1,0,1,0,0
2026-07-20 01:00:00,2026-07-20 03:00:00,2026-07-20,3,Monday,0.16,0.4097097936633487,2592.6319999999996,6327.97175,351.635,12.6,0.0,0,0,0,0,0,0
2026-07-20 02:00:00,2026-07-20 04:00:00,2026-07-20,4,Monday,0.16,0.40928072773034246,2466.04275,6025.30875,364.1825,12.6,0.0,0,0,0,0,0,0
2026-07-20 03:00:00,2026-07-20 05:00:00,2026-07-20,5,Monday,0.17,0.3753931934874948,2361.7905,6291.51125,363.335,12.2,0.0,0,0,0,0,0,0
2026-07-20 04:00:00,2026-07-20 06:00:00,2026-07-20,6,Monday,0.18,0.3547769463409335,2193.1014999999998,6181.63475,380.715,12.6,0.0,0,0,0,0,0,0
2026-07-20 05:00:00,2026-07-20 07:00:00,2026-07-20,7,Monday,0.18,0.33694618930632486,2026.1955,6013.409750000001,383.1675,14.8,13.0,0,0,0,0,0,0
2026-07-20 06:00:00,2026-07-20 08:00:00,2026-07-20,8,Monday,0.16,0.3599128106795554,2106.32575,5852.322250000001,377.6025,15.1,34.0,0,0,0,0,0,0
2026-07-20 07:00:00,2026-07-20 09:00:00,2026-07-20,9,Monday,0.11,0.4161834244814006,1889.0935,4539.08875,307.89,11.9,84.0,0,1,0,1,0,0
2026-07-20 08:00:00,2026-07-20 10:00:00,2026-07-20,10,Monday,0.07,0.4866706495074247,1817.4,3734.353,233.14499999999998,10.4,448.0,1,1,1,1,1,0
2026-07-20 09:00:00,2026-07-20 11:00:00,2026-07-20,11,Monday,0.02,0.433491220207905,1431.5917499999998,3302.47,257.3975,8.6,477.0,1,1,1,1,1,0
2026-07-20 10:00:00,2026-07-20 12:00:00,2026-07-20,12,Monday,0.02,0.48452796689210337,1754.48025,3621.00925,247.175,13.0,631.0,1,1,1,1,1,0
2026-07-20 11:00:00,2026-07-20 13:00:00,2026-07-20,13,Monday,0.0,0.3790502462006747,1133.77975,2991.10675,301.21999999999997,11.5,736.0,1,1,1,1,1,0
2026-07-20 12:00:00,2026-07-20 14:00:00,2026-07-20,14,Monday,0.01,0.37204458649208944,1112.5,2990.2329999999997,297.765,8.3,761.0,1,1,1,1,1,0
2026-07-20 13:00:00,2026-07-20 15:00:00,2026-07-20,15,Monday,0.01,0.33695202197161905,925.852,2747.7265,328.09749999999997,9.7,691.0,1,1,1,1,1,0
2026-07-20 14:00:00,2026-07-20 16:00:00,2026-07-20,16,Monday,0.04,0.3507791060394671,1086.58625,3097.6367499999997,341.975,10.1,724.0,1,0,0,0,0,0
2026-07-20 15:00:00,2026-07-20 17:00:00,2026-07-20,17,Monday,0.1,0.32080140045398553,1181.6325,3683.3770000000004,402.915,10.4,682.0,0,0,0,0,0,0
2026-07-20 16:00:00,2026-07-20 18:00:00,2026-07-20,18,Monday,0.15,0.24918172948668202,1435.80425,5762.07675,418.04,11.5,565.0,0,0,0,0,0,0
2026-07-20 17:00:00,2026-07-20 19:00:00,2026-07-20,19,Monday,0.19,0.17437349215857112,1551.0992500000002,8895.269750000001,438.865,13.0,379.0,0,0,0,0,0,0
2026-07-20 18:00:00,2026-07-20 20:00:00,2026-07-20,20,Monday,0.22,0.14251333192548551,1466.7907500000001,10292.3055,439.915,17.3,259.0,0,0,0,0,0,0
2026-07-20 19:00:00,2026-07-20 21:00:00,2026-07-20,21,Monday,0.22,0.1225125482842578,1285.5325000000003,10493.068,461.375,14.4,120.0,0,0,0,0,0,0
2026-07-20 20:00:00,2026-07-20 22:00:00,2026-07-20,22,Monday,0.21,0.11445447100539922,1191.7614999999998,10412.53775,473.98,15.5,8.0,0,0,0,0,0,0
2026-07-20 21:00:00,2026-07-20 23:00:00,2026-07-20,23,Monday,0.19,0.10585684784045765,1084.90725,10248.815,461.84,10.8,0.0,0,0,0,0,0,0
2026-07-20 22:00:00,2026-07-21 00:00:00,2026-07-21,0,Tuesday,0.18,0.09384378737345217,951.3062500000001,10137.1255,461.4325,9.4,0.0,0,0,0,0,0,0
2026-07-20 23:00:00,2026-07-21 01:00:00,2026-07-21,1,Tuesday,0.18,0.08786558571972322,774.71825,8817.083999999999,477.9525,9.7,0.0,0,0,0,0,0,0
2026-07-21 00:00:00,2026-07-21 02:00:00,2026-07-21,2,Tuesday,0.17,0.0717486891589349,590.028,8223.537,488.375,10.8,0.0,0,0,0,0,0,0
2026-07-21 01:00:00,2026-07-21 03:00:00,2026-07-21,3,Tuesday,0.17,0.06586283462607577,532.93675,8091.615749999999,480.6875,11.2,0.0,0,0,0,0,0,0
2026-07-21 02:00:00,2026-07-21 04:00:00,2026-07-21,4,Tuesday,0.17,0.07174875022145726,585.60225,8161.846,478.69,11.2,0.0,0,0,0,0,0,0
2026-07-21 03:00:00,2026-07-21 05:00:00,2026-07-21,5,Tuesday,0.18,0.07043823499197117,572.70175,8130.55225,470.68,9.7,0.0,0,0,0,0,0,0
2026-07-21 04:00:00,2026-07-21 06:00:00,2026-07-21,6,Tuesday,0.19,0.06457803463908862,520.95375,8067.042499999999,502.63,11.5,1.0,0,0,0,0,0,0
2026-07-21 05:00:00,2026-07-21 07:00:00,2026-07-21,7,Tuesday,0.18,0.06439574745332827,519.7365,8070.975500000001,520.0775,7.9,54.0,0,0,0,0,0,0
2026-07-21 06:00:00,2026-07-21 08:00:00,2026-07-21,8,Tuesday,0.18,0.06078297701427473,455.36674999999997,7491.68225,526.4975,8.6,176.0,0,0,0,0,0,0
2026-07-21 07:00:00,2026-07-21 09:00:00,2026-07-21,9,Tuesday,0.13,0.09592509595212069,417.95725,4357.120999999999,457.095,9.7,323.0,0,0,0,0,0,0
2026-07-21 08:00:00,2026-07-21 10:00:00,2026-07-21,10,Tuesday,0.1,0.13051211770030857,363.38824999999997,2784.32575,346.705,9.7,434.0,0,0,0,0,0,0
2026-07-21 09:00:00,2026-07-21 11:00:00,2026-07-21,11,Tuesday,0.05,0.1351072876062633,291.59250000000003,2158.2292500000003,303.7625,6.8,543.0,1,1,1,1,1,0
2026-07-21 10:00:00,2026-07-21 12:00:00,2026-07-21,12,Tuesday,0.01,0.13338313512081498,284.969,2136.4694999999997,400.8575,3.6,713.0,1,0,0,0,0,0
2026-07-21 11:00:00,2026-07-21 13:00:00,2026-07-21,13,Tuesday,0.0,0.1425483093432108,314.0325,2202.9900000000002,427.4125,6.5,774.0,1,0,0,0,0,0
2026-07-21 12:00:00,2026-07-21 14:00:00,2026-07-21,14,Tuesday,0.0,0.16820443198150045,387.9155,2306.2144999999996,412.065,8.6,819.0,1,0,0,0,0,0
2026-07-21 13:00:00,2026-07-21 15:00:00,2026-07-21,15,Tuesday,0.01,0.23242194359214283,575.774,2477.279,380.8075,10.8,811.0,1,0,0,0,0,0
2026-07-21 14:00:00,2026-07-21 16:00:00,2026-07-21,16,Tuesday,0.07,0.2276266434397195,607.3455,2668.16525,386.41,15.1,733.0,1,0,0,0,0,0
2026-07-21 15:00:00,2026-07-21 17:00:00,2026-07-21,17,Tuesday,0.12,0.2525726237068757,880.53775,3486.2755,403.9375,16.9,633.0,0,0,0,0,0,0
2026-07-21 16:00:00,2026-07-21 18:00:00,2026-07-21,18,Tuesday,0.16,0.1784183818805177,1047.399,5870.46575,477.4775,12.6,499.0,0,0,0,0,0,0
2026-07-21 17:00:00,2026-07-21 19:00:00,2026-07-21,19,Tuesday,0.18,0.13241110945097745,1257.09525,9493.880499999997,460.9125,11.2,350.0,0,0,0,0,0,0
2026-07-21 18:00:00,2026-07-21 20:00:00,2026-07-21,20,Tuesday,0.21,0.12093663450613347,1238.7839999999999,10243.2485,457.6725,14.4,254.0,0,0,0,0,0,0
2026-07-21 19:00:00,2026-07-21 21:00:00,2026-07-21,21,Tuesday,0.21,0.1284934308963863,1254.18975,9760.7305,462.9075,11.9,86.0,0,0,0,0,0,0
2026-07-21 20:00:00,2026-07-21 22:00:00,2026-07-21,22,Tuesday,0.21,0.1475121884792624,1510.0555000000002,10236.8185,445.92,11.2,18.0,0,0,0,0,0,0
2026-07-21 21:00:00,2026-07-21 23:00:00,2026-07-21,23,Tuesday,0.19,0.12838233355900022,1283.3480000000002,9996.2975,453.115,6.8,0.0,0,0,0,0,0,0
2026-07-21 22:00:00,2026-07-22 00:00:00,2026-07-22,0,Wednesday,0.18,0.13413268767025016,1208.5720000000001,9010.271999999999,457.75,12.6,0.0,0,0,0,0,0,0
2026-07-21 23:00:00,2026-07-22 01:00:00,2026-07-22,1,Wednesday,0.18,0.14977778024449565,1200.896,8017.851500000001,459.10249999999996,12.2,0.0,0,0,0,0,0,0
2026-07-22 00:00:00,2026-07-22 02:00:00,2026-07-22,2,Wednesday,0.18,0.16835276708161984,1327.1177500000001,7882.9577500000005,448.94,10.1,0.0,0,0,0,0,0,0
2026-07-22 01:00:00,2026-07-22 03:00:00,2026-07-22,3,Wednesday,0.17,0.18282143231904874,1475.2605,8069.40675,442.0375,7.2,0.0,0,0,0,0,0,0
2026-07-22 02:00:00,2026-07-22 04:00:00,2026-07-22,4,Wednesday,0.16,0.18688500813414702,1517.2357499999996,8118.5525,449.0075,11.2,0.0,0,0,0,0,0,0
2026-07-22 03:00:00,2026-07-22 05:00:00,2026-07-22,5,Wednesday,0.17,0.20003782322889818,1637.66325,8186.767999999999,437.1575,15.1,0.0,0,0,0,0,0,0
2026-07-22 04:00:00,2026-07-22 06:00:00,2026-07-22,6,Wednesday,0.18,0.18736738977509307,1529.59425,8163.6097500000005,440.785,14.8,0.0,0,0,0,0,0,0
2026-07-22 05:00:00,2026-07-22 07:00:00,2026-07-22,7,Wednesday,0.18,0.20026950087330053,1619.2052499999998,8085.1315,422.08,10.8,19.0,0,0,0,0,0,0
2026-07-22 06:00:00,2026-07-22 08:00:00,2026-07-22,8,Wednesday,0.16,0.2592155007346688,1891.2737499999998,7296.1445,378.425,10.8,24.0,0,0,0,0,0,0
2026-07-22 07:00:00,2026-07-22 09:00:00,2026-07-22,9,Wednesday,0.12,0.40415483222668697,2257.5415,5585.833250000001,280.32,13.0,47.0,0,1,0,1,0,0
2026-07-22 08:00:00,2026-07-22 10:00:00,2026-07-22,10,Wednesday,0.1,0.5125853108854256,2119.75875,4135.42625,200.885,15.1,60.0,0,1,0,1,0,0
2026-07-22 09:00:00,2026-07-22 11:00:00,2026-07-22,11,Wednesday,0.05,0.5333736543219222,2004.9525,3759.0017499999994,187.8625,13.3,29.0,1,1,1,1,1,0
2026-07-22 10:00:00,2026-07-22 12:00:00,2026-07-22,12,Wednesday,0.02,0.5621997791002691,2200.446,3913.9930000000004,185.8025,10.8,368.0,1,1,1,1,1,0
2026-07-22 11:00:00,2026-07-22 13:00:00,2026-07-22,13,Wednesday,0.01,0.5213526621831753,1872.53975,3591.6949999999997,194.69,12.2,448.0,1,1,1,1,1,0
2026-07-22 12:00:00,2026-07-22 14:00:00,2026-07-22,14,Wednesday,0.0,0.521304454450145,1873.83225,3594.5065,205.365,15.8,252.0,1,1,1,1,1,0
2026-07-22 13:00:00,2026-07-22 15:00:00,2026-07-22,15,Wednesday,0.0,0.5116880587739192,1648.74975,3222.1775,192.2925,17.3,358.0,1,1,1,1,1,0
2026-07-22 14:00:00,2026-07-22 16:00:00,2026-07-22,16,Wednesday,0.02,0.5783973020877594,2245.01775,3881.44575,189.8325,19.4,529.0,1,1,1,1,1,0
2026-07-22 15:00:00,2026-07-22 17:00:00,2026-07-22,17,Wednesday,0.08,0.5890132791309906,2548.6582499999995,4326.99625,200.70749999999998,18.4,109.0,1,1,1,1,1,0
2026-07-22 16:00:00,2026-07-22 18:00:00,2026-07-22,18,Wednesday,0.13,0.5149346635217356,2722.4185,5286.92025,263.76,16.2,283.0,0,1,0,1,0,0
2026-07-22 17:00:00,2026-07-22 19:00:00,2026-07-22,19,Wednesday,0.17,0.41731161914607423,3052.1935000000003,7313.943249999999,339.9275,16.6,175.0,0,1,0,1,0,0
2026-07-22 18:00:00,2026-07-22 20:00:00,2026-07-22,20,Wednesday,0.19,0.3704452633100354,2925.06775,7896.08625,375.86,16.6,74.0,0,0,0,0,0,0
2026-07-22 19:00:00,2026-07-22 21:00:00,2026-07-22,21,Wednesday,0.21,0.3224857106191606,2492.22125,7728.160250000001,387.2125,12.6,47.0,0,0,0,0,0,0
2026-07-22 20:00:00,2026-07-22 22:00:00,2026-07-22,22,Wednesday,0.19,0.3179508860399942,2415.591,7597.3715,382.9125,10.8,3.0,0,0,0,0,0,0
2026-07-22 21:00:00,2026-07-22 23:00:00,2026-07-22,23,Wednesday,0.18,0.3078498978100816,2258.4162499999998,7336.0955,389.8125,17.6,0.0,0,0,0,0,0,0
2026-07-22 22:00:00,2026-07-23 00:00:00,2026-07-23,0,Thursday,0.18,0.29790388048239297,2105.5885,7068.013000000001,385.1075,14.4,0.0,0,0,0,0,0,0
2026-07-22 23:00:00,2026-07-23 01:00:00,2026-07-23,1,Thursday,0.17,0.3214638269374821,2131.2782500000003,6629.91625,379.9975,15.8,0.0,0,0,0,0,0,0
2026-07-23 00:00:00,2026-07-23 02:00:00,2026-07-23,2,Thursday,0.17,0.3031503527902554,1881.41225,6206.201749999999,387.8075,10.4,0.0,0,0,0,0,0,0
2026-07-23 01:00:00,2026-07-23 03:00:00,2026-07-23,3,Thursday,0.16,0.3090561457104451,1946.3245000000002,6297.6404999999995,398.755,9.0,0.0,0,0,0,0,0,0
2026-07-23 02:00:00,2026-07-23 04:00:00,2026-07-23,4,Thursday,0.17,0.3504881412780035,2385.26825,6805.5605000000005,389.95,12.2,0.0,0,0,0,0,0,0
2026-07-23 03:00:00,2026-07-23 05:00:00,2026-07-23,5,Thursday,0.17,0.3314761257310739,2249.99,6787.788999999999,409.2675,14.8,0.0,0,0,0,0,0,0
2026-07-23 04:00:00,2026-07-23 06:00:00,2026-07-23,6,Thursday,0.19,0.32688311732379927,2263.8305,6925.504500000001,422.8625,3.6,0.0,0,0,0,0,0,0
2026-07-23 05:00:00,2026-07-23 07:00:00,2026-07-23,7,Thursday,0.21,0.31941582769475646,2273.2965000000004,7117.044,424.4225,12.6,29.0,0,0,0,0,0,0
2026-07-23 06:00:00,2026-07-23 08:00:00,2026-07-23,8,Thursday,0.19,0.3117672550032573,2199.85025,7056.06575,423.875,11.9,113.0,0,0,0,0,0,0
2026-07-23 07:00:00,2026-07-23 09:00:00,2026-07-23,9,Thursday,0.16,0.29609237587876963,1870.068,6315.82625,444.29499999999996,7.9,134.0,0,0,0,0,0,0
2026-07-23 08:00:00,2026-07-23 10:00:00,2026-07-23,10,Thursday,0.13,0.28989632181471964,1665.33225,5744.57875,474.12,11.2,351.0,0,0,0,0,0,0
2026-07-23 09:00:00,2026-07-23 11:00:00,2026-07-23,11,Thursday,0.11,0.3652110325679371,1684.33,4611.936250000001,410.96999999999997,9.7,164.0,0,0,0,0,0,0
2026-07-23 10:00:00,2026-07-23 12:00:00,2026-07-23,12,Thursday,0.05,0.42909540326967394,1509.2474999999997,3517.27725,309.2475,9.4,529.0,1,1,1,1,1,0
2026-07-23 11:00:00,2026-07-23 13:00:00,2026-07-23,13,Thursday,0.01,0.42096824985635645,1371.5414999999998,3258.0639999999994,292.32,13.7,385.0,1,1,1,1,1,0
2026-07-23 12:00:00,2026-07-23 14:00:00,2026-07-23,14,Thursday,0.0,0.3961237263024218,1257.696,3175.0080000000007,301.895,15.8,220.0,1,1,1,1,1,0
2026-07-23 13:00:00,2026-07-23 15:00:00,2026-07-23,15,Thursday,0.01,0.34343138065419776,1040.60275,3030.0165,331.4175,12.6,225.0,1,1,1,1,1,0
2026-07-23 14:00:00,2026-07-23 16:00:00,2026-07-23,16,Thursday,0.04,0.32670558485876977,1059.04425,3241.586,371.475,11.2,143.0,1,0,0,0,0,0
2026-07-23 15:00:00,2026-07-23 17:00:00,2026-07-23,17,Thursday,0.12,0.267800984626826,1053.6455,3934.4347500000003,415.8125,11.5,420.0,0,0,0,0,0,0
2026-07-23 16:00:00,2026-07-23 18:00:00,2026-07-23,18,Thursday,0.17,0.15968103233325234,1028.17475,6438.928499999999,537.0775,10.4,180.0,0,0,0,0,0,0
2026-07-23 17:00:00,2026-07-23 19:00:00,2026-07-23,19,Thursday,0.21,0.10823787503789759,967.84825,8941.863,552.0325,8.6,236.0,0,0,0,0,0,0
2026-07-23 18:00:00,2026-07-23 20:00:00,2026-07-23,20,Thursday,0.23,0.08554113498089415,801.8305,9373.624749999999,546.3425,15.8,110.0,0,0,0,0,0,0
2026-07-23 19:00:00,2026-07-23 21:00:00,2026-07-23,21,Thursday,0.23,0.08373203199433038,789.9345000000001,9434.077749999997,555.2625,10.8,18.0,0,0,0,0,0,0
2026-07-23 20:00:00,2026-07-23 22:00:00,2026-07-23,22,Thursday,0.23,0.07594817573246795,732.91575,9650.208750000002,530.66,8.6,14.0,0,0,0,0,0,0
2026-07-23 21:00:00,2026-07-23 23:00:00,2026-07-23,23,Thursday,0.21,0.08226148080603887,790.04975,9604.127499999999,520.45,11.5,0.0,0,0,0,0,0,0
2026-07-23 22:00:00,2026-07-24 00:00:00,2026-07-24,0,Friday,0.19,0.07297468590819393,695.07675,9524.902250000003,526.22,9.0,0.0,0,0,0,0,0,0
2026-07-23 23:00:00,2026-07-24 01:00:00,2026-07-24,1,Friday,0.19,0.072842644860679,688.8977500000001,9457.341250000001,532.7125,9.7,0.0,0,0,0,0,0,0
2026-07-24 00:00:00,2026-07-24 02:00:00,2026-07-24,2,Friday,0.18,0.06965632741612746,652.7655,9371.230500000001,533.11,8.3,0.0,0,0,0,0,0,0
2026-07-24 01:00:00,2026-07-24 03:00:00,2026-07-24,3,Friday,0.18,0.074190927003621,699.47525,9428.043000000001,527.29,7.6,0.0,0,0,0,0,0,0
2026-07-24 02:00:00,2026-07-24 04:00:00,2026-07-24,4,Friday,0.18,0.07154894730508232,672.2749999999999,9396.01525,529.6375,7.9,0.0,0,0,0,0,0,0
2026-07-24 03:00:00,2026-07-24 05:00:00,2026-07-24,5,Friday,0.19,0.06570372639906127,613.6390000000001,9339.485500000003,519.3325,5.0,0.0,0,0,0,0,0,0
2026-07-24 04:00:00,2026-07-24 06:00:00,2026-07-24,6,Friday,0.21,0.05563077896062719,514.402,9246.71575,518.915,2.5,0.0,0,0,0,0,0,0
2026-07-24 05:00:00,2026-07-24 07:00:00,2026-07-24,7,Friday,0.21,0.0348306153379258,314.38325000000003,9026.060749999999,538.9075,2.9,25.0,0,0,0,0,0,0
2026-07-24 06:00:00,2026-07-24 08:00:00,2026-07-24,8,Friday,0.19,0.03868282199446831,317.28049999999996,8202.103249999998,544.885,2.2,63.0,0,0,0,0,0,0
2026-07-24 07:00:00,2026-07-24 09:00:00,2026-07-24,9,Friday,0.17,0.05721787404542739,294.91075,5154.171749999999,510.46500000000003,1.8,86.0,0,0,0,0,0,0
2026-07-24 08:00:00,2026-07-24 10:00:00,2026-07-24,10,Friday,0.13,0.08493263504748513,329.95025,3884.8465,497.07,4.7,37.0,0,0,0,0,0,0
2026-07-24 09:00:00,2026-07-24 11:00:00,2026-07-24,11,Friday,0.11,0.1390070863281232,377.85775,2718.2625000000003,348.1275,2.9,73.0,0,0,0,0,0,0
2026-07-24 10:00:00,2026-07-24 12:00:00,2026-07-24,12,Friday,0.07,0.16463081718203548,381.6635,2318.29925,310.48,2.2,636.0,1,1,1,1,1,0
2026-07-24 11:00:00,2026-07-24 13:00:00,2026-07-24,13,Friday,0.04,0.1755721990025083,383.129,2182.1735,294.775,3.2,308.0,1,1,1,1,1,0
2026-07-24 12:00:00,2026-07-24 14:00:00,2026-07-24,14,Friday,0.01,0.20913432731967727,486.90674999999993,2328.201,325.3175,6.5,538.0,1,1,1,1,1,0
2026-07-24 13:00:00,2026-07-24 15:00:00,2026-07-24,15,Friday,0.02,0.20141735981321005,485.9292500000001,2412.549,352.655,3.2,728.0,1,0,0,0,0,0
2026-07-24 14:00:00,2026-07-24 16:00:00,2026-07-24,16,Friday,0.07,0.17664250529665093,487.51225,2759.8807500000003,365.68,4.0,726.0,1,0,0,0,0,0
2026-07-24 15:00:00,2026-07-24 17:00:00,2026-07-24,17,Friday,0.13,0.14343115563904538,515.3839999999999,3593.2500000000005,463.555,2.2,667.0,0,0,0,0,0,0
2026-07-24 16:00:00,2026-07-24 18:00:00,2026-07-24,18,Friday,0.18,0.09904152723381211,614.05425,6199.967500000001,568.7325,1.4,456.0,0,0,0,0,0,0
2026-07-24 17:00:00,2026-07-24 19:00:00,2026-07-24,19,Friday,0.22,0.06154203523843928,576.43375,9366.5045,539.2175,1.8,352.0,0,0,0,0,0,0
2026-07-24 18:00:00,2026-07-24 20:00:00,2026-07-24,20,Friday,0.24,0.021289167602464465,203.397,9554.013749999998,527.105,10.8,229.0,0,0,0,0,0,0
2026-07-24 19:00:00,2026-07-24 21:00:00,2026-07-24,21,Friday,0.24,0.020177313153338684,191.8785,9509.616,500.82500000000005,8.3,76.0,0,0,0,0,0,0
2026-07-24 20:00:00,2026-07-24 22:00:00,2026-07-24,22,Friday,0.23,0.018735391239473292,176.72325,9432.589250000003,537.7175,6.8,14.0,0,0,0,0,0,0
2026-07-24 21:00:00,2026-07-24 23:00:00,2026-07-24,23,Friday,0.22,0.020271498501019607,191.14149999999998,9429.076000000001,568.935,4.0,0.0,0,0,0,0,0,0
2026-07-24 22:00:00,2026-07-25 00:00:00,2026-07-25,0,Saturday,0.21,0.01938087477021853,183.18375,9451.77925,557.2225,5.0,0.0,0,0,0,0,0,0
2026-07-24 23:00:00,2026-07-25 01:00:00,2026-07-25,1,Saturday,0.19,0.01758264312116711,163.627,9306.16625,563.8675000000001,4.7,0.0,0,0,0,0,0,0
2026-07-25 00:00:00,2026-07-25 02:00:00,2026-07-25,2,Saturday,0.19,0.023785015925926266,192.22924999999998,8081.9475,586.7325,0.4,0.0,0,0,0,0,0,0
2026-07-25 01:00:00,2026-07-25 03:00:00,2026-07-25,3,Saturday,0.19,0.04895593135904413,363.216,7419.244,560.505,4.7,0.0,0,0,0,0,0,0
2026-07-25 02:00:00,2026-07-25 04:00:00,2026-07-25,4,Saturday,0.18,0.0979022722914582,673.288,6877.14375,538.3,7.6,0.0,0,0,0,0,0,0
2026-07-25 03:00:00,2026-07-25 05:00:00,2026-07-25,5,Saturday,0.18,0.13014187468784957,832.73325,6398.657249999999,519.555,7.2,0.0,0,0,0,0,0,0
2026-07-25 04:00:00,2026-07-25 06:00:00,2026-07-25,6,Saturday,0.16,0.15405272786636184,982.3545,6376.742,530.0275,9.4,0.0,0,0,0,0,0,0
2026-07-25 05:00:00,2026-07-25 07:00:00,2026-07-25,7,Saturday,0.15,0.1910810180413389,1022.18375,5349.47825,530.2425000000001,7.6,43.0,0,0,0,0,0,0
2026-07-25 06:00:00,2026-07-25 08:00:00,2026-07-25,8,Saturday,0.1,0.2297583276708358,718.10075,3125.46125,421.795,9.0,158.0,0,0,0,0,0,0
2026-07-25 07:00:00,2026-07-25 09:00:00,2026-07-25,9,Saturday,0.01,0.24544103909425238,602.9885,2456.755,377.375,12.2,306.0,1,0,0,0,0,0
2026-07-25 08:00:00,2026-07-25 10:00:00,2026-07-25,10,Saturday,0.0,0.23411066011517884,552.23275,2358.8535,412.525,9.4,451.0,1,0,0,0,0,0
2026-07-25 09:00:00,2026-07-25 11:00:00,2026-07-25,11,Saturday,0.0,0.24675258472818254,583.28875,2363.86075,405.54,11.5,590.0,1,0,0,0,0,0
2026-07-25 10:00:00,2026-07-25 12:00:00,2026-07-25,12,Saturday,-0.01,0.2481798272349106,581.71,2343.9052500000003,388.0325,9.4,715.0,1,0,0,0,0,1
2026-07-25 11:00:00,2026-07-25 13:00:00,2026-07-25,13,Saturday,-0.01,0.2690874856219004,643.7407499999999,2392.31025,344.92,11.2,796.0,1,0,0,0,0,1
2026-07-25 12:00:00,2026-07-25 14:00:00,2026-07-25,14,Saturday,-0.01,0.2833937559652227,681.2895000000001,2404.0385,365.8525,10.1,840.0,1,0,0,0,0,1
2026-07-25 13:00:00,2026-07-25 15:00:00,2026-07-25,15,Saturday,0.0,0.33366387703049455,874.4269999999999,2620.6822500000003,345.79,14.0,832.0,1,0,0,0,0,0
2026-07-25 14:00:00,2026-07-25 16:00:00,2026-07-25,16,Saturday,0.0,0.3862159750115379,1127.43675,2919.18725,320.945,16.2,771.0,1,1,1,1,1,0
2026-07-25 15:00:00,2026-07-25 17:00:00,2026-07-25,17,Saturday,0.01,0.3965206734357953,1325.889,3343.8080000000004,349.9175,13.3,418.0,1,0,0,0,0,0
2026-07-25 16:00:00,2026-07-25 18:00:00,2026-07-25,18,Saturday,0.11,0.3565022602198079,1515.2830000000001,4250.41625,362.5475,13.3,471.0,0,0,0,0,0,0
2026-07-25 17:00:00,2026-07-25 19:00:00,2026-07-25,19,Saturday,0.19,0.32163296270932257,1917.36425,5961.342500000001,402.0625,12.6,379.0,0,0,0,0,0,0
2026-07-25 18:00:00,2026-07-25 20:00:00,2026-07-25,20,Saturday,0.21,0.3593515370246902,2510.157,6985.240750000001,370.3025,13.0,50.0,0,0,0,0,0,0
2026-07-25 19:00:00,2026-07-25 21:00:00,2026-07-25,21,Saturday,0.21,0.3982778602320089,3095.0754999999995,7771.146249999999,364.3425,9.4,99.0,0,0,0,0,0,0
2026-07-25 20:00:00,2026-07-25 22:00:00,2026-07-25,22,Saturday,0.21,0.39191993892332677,3235.3765,8255.1975,397.065,7.2,13.0,0,0,0,0,0,0
2026-07-25 21:00:00,2026-07-25 23:00:00,2026-07-25,23,Saturday,0.19,0.3909990904918046,3292.0795000000003,8419.66025,406.40999999999997,14.0,0.0,0,0,0,0,0,0
2026-07-25 22:00:00,2026-07-26 00:00:00,2026-07-26,0,Sunday,0.18,0.3504261259616992,2658.23675,7585.726500000001,434.4975,13.7,0.0,0,0,0,0,0,0
2026-07-25 23:00:00,2026-07-26 01:00:00,2026-07-26,1,Sunday,0.18,0.272740420738714,1848.08875,6775.998749999999,473.4175,14.4,0.0,0,0,0,0,0,0
2026-07-26 00:00:00,2026-07-26 02:00:00,2026-07-26,2,Sunday,0.18,0.18025953846884415,1122.656,6227.99775,528.2975,16.6,0.0,0,0,0,0,0,0
2026-07-26 01:00:00,2026-07-26 03:00:00,2026-07-26,3,Sunday,0.18,0.14427030248820744,835.7427500000001,5792.8952500000005,572.42,19.4,0.0,0,0,0,0,0,0
2026-07-26 02:00:00,2026-07-26 04:00:00,2026-07-26,4,Sunday,0.17,0.15711089990642296,890.0935,5665.383499999998,583.5475,11.5,0.0,0,0,0,0,0,0
2026-07-26 03:00:00,2026-07-26 05:00:00,2026-07-26,5,Sunday,0.17,0.18023904288608214,1025.1574999999998,5687.766,547.445,9.7,0.0,0,0,0,0,0,0
2026-07-26 04:00:00,2026-07-26 06:00:00,2026-07-26,6,Sunday,0.15,0.17247587201293635,849.2357499999999,4923.7945,492.74,8.6,0.0,0,0,0,0,0,0
2026-07-26 05:00:00,2026-07-26 07:00:00,2026-07-26,7,Sunday,0.13,0.23502067858781264,914.0775000000001,3889.3492499999998,375.935,7.6,21.0,0,0,0,0,0,0
2026-07-26 06:00:00,2026-07-26 08:00:00,2026-07-26,8,Sunday,0.12,0.4192165509608141,1568.0575,3740.4475,253.71,6.1,49.0,0,1,0,1,0,0
2026-07-26 07:00:00,2026-07-26 09:00:00,2026-07-26,9,Sunday,0.07,0.4071613499134927,1306.5710000000001,3208.976,229.04250000000002,11.2,158.0,1,1,1,1,1,0
2026-07-26 08:00:00,2026-07-26 10:00:00,2026-07-26,10,Sunday,0.01,0.5088060593995837,1979.5692500000002,3890.6165,219.6725,7.9,95.0,1,1,1,1,1,0
2026-07-26 09:00:00,2026-07-26 11:00:00,2026-07-26,11,Sunday,0.0,0.5713195474138629,2471.3672500000002,4325.718,191.2225,18.4,110.0,1,1,1,1,1,0
2026-07-26 10:00:00,2026-07-26 12:00:00,2026-07-26,12,Sunday,0.0,0.5794658440922179,2575.4837500000003,4444.5825,194.445,19.4,74.0,1,1,1,1,1,0
2026-07-26 11:00:00,2026-07-26 13:00:00,2026-07-26,13,Sunday,0.0,0.6178747434710657,3038.52,4917.69575,195.635,19.4,52.0,1,1,1,1,1,0
2026-07-26 12:00:00,2026-07-26 14:00:00,2026-07-26,14,Sunday,0.0,0.6055132113023578,2893.32075,4778.295,203.295,20.5,98.0,1,1,1,1,1,0
2026-07-26 13:00:00,2026-07-26 15:00:00,2026-07-26,15,Sunday,0.0,0.5851413980225982,2681.4717499999997,4582.60475,207.26,21.2,275.0,1,1,1,1,1,0
2026-07-26 14:00:00,2026-07-26 16:00:00,2026-07-26,16,Sunday,0.0,0.5981249980409071,2814.55,4705.62175,207.18,22.0,86.0,1,1,1,1,1,0
2026-07-26 15:00:00,2026-07-26 17:00:00,2026-07-26,17,Sunday,0.06,0.5993015984518556,2823.0355,4710.5422499999995,202.4375,19.8,280.0,1,1,1,1,1,0
2026-07-26 16:00:00,2026-07-26 18:00:00,2026-07-26,18,Sunday,0.12,0.5435355559819558,2680.42725,4931.4662499999995,270.225,16.6,91.0,0,1,0,1,0,0
2026-07-26 17:00:00,2026-07-26 19:00:00,2026-07-26,19,Sunday,0.16,0.4596656026698382,2289.5145,4980.82625,319.63,16.2,75.0,0,1,0,1,0,0
2026-07-26 18:00:00,2026-07-26 20:00:00,2026-07-26,20,Sunday,0.18,0.35750519241229534,2035.85175,5694.6075,424.15999999999997,15.8,104.0,0,0,0,0,0,0
2026-07-26 19:00:00,2026-07-26 21:00:00,2026-07-26,21,Sunday,0.18,0.4392263347599975,2839.788,6465.432,361.1775,11.2,49.0,0,0,0,0,0,0
2026-07-26 20:00:00,2026-07-26 22:00:00,2026-07-26,22,Sunday,0.18,0.49241823245353866,3203.788,6506.233499999999,328.1925,8.6,12.0,0,1,0,1,0,0
2026-07-26 21:00:00,2026-07-26 23:00:00,2026-07-26,23,Sunday,0.17,0.49052631941787406,3201.88725,6527.452499999999,319.32500000000005,9.7,0.0,0,1,0,1,0,0
2026-07-26 22:00:00,2026-07-27 00:00:00,2026-07-27,0,Monday,0.1,0.5485082181450028,3793.5285000000003,6916.08325,273.275,21.2,0.0,0,1,0,1,0,0
2026-07-26 23:00:00,2026-07-27 01:00:00,2026-07-27,1,Monday,0.08,0.6049084420928714,4012.64775,6633.4795,239.125,18.7,0.0,1,1,1,1,1,0
2026-07-28 00:00:00,2026-07-28 02:00:00,2026-07-28,2,Tuesday,0.17,0.1956455418486823,1740.3365,8895.35475,466.6675,5.0,0.0,0,0,0,0,0,0
2026-07-28 01:00:00,2026-07-28 03:00:00,2026-07-28,3,Tuesday,0.16,0.23711687822010938,2037.22825,8591.66275,453.265,11.9,0.0,0,0,0,0,0,0
2026-07-28 02:00:00,2026-07-28 04:00:00,2026-07-28,4,Tuesday,0.17,0.2288590570266272,2001.8184999999999,8746.949,469.8825,10.1,0.0,0,0,0,0,0,0
2026-07-28 03:00:00,2026-07-28 05:00:00,2026-07-28,5,Tuesday,0.18,0.19053966273718365,1750.59325,9187.553,472.71999999999997,10.8,0.0,0,0,0,0,0,0
2026-07-28 04:00:00,2026-07-28 06:00:00,2026-07-28,6,Tuesday,0.19,0.18134533122225158,1557.7685000000001,8590.06675,437.005,13.0,0.0,0,0,0,0,0,0
2026-07-28 05:00:00,2026-07-28 07:00:00,2026-07-28,7,Tuesday,0.19,0.1569157725012084,1216.65825,7753.57525,476.875,11.5,37.0,0,0,0,0,0,0
2026-07-28 06:00:00,2026-07-28 08:00:00,2026-07-28,8,Tuesday,0.18,0.16220719379423856,920.88925,5677.240500000001,492.335,10.8,146.0,0,0,0,0,0,0
2026-07-28 07:00:00,2026-07-28 09:00:00,2026-07-28,9,Tuesday,0.16,0.22232536112807522,861.69775,3875.8409999999994,463.05,8.6,261.0,0,0,0,0,0,0
2026-07-28 08:00:00,2026-07-28 10:00:00,2026-07-28,10,Tuesday,0.06,0.2548439203888147,725.6877499999999,2847.5772500000003,434.11,7.2,376.0,1,0,0,0,0,0
2026-07-28 09:00:00,2026-07-28 11:00:00,2026-07-28,11,Tuesday,0.0,0.2856131325671513,811.47425,2841.16575,401.38,7.2,572.0,1,0,0,0,0,0
2026-07-28 10:00:00,2026-07-28 12:00:00,2026-07-28,12,Tuesday,0.0,0.28538901556791685,813.81125,2851.58575,405.1375,9.7,689.0,1,0,0,0,0,0
2026-07-28 11:00:00,2026-07-28 13:00:00,2026-07-28,13,Tuesday,0.0,0.2824161552383031,800.45225,2834.3005,407.0925,10.8,761.0,1,0,0,0,0,0
2026-07-28 12:00:00,2026-07-28 14:00:00,2026-07-28,14,Tuesday,0.0,0.2766976229277777,775.37875,2802.2602499999994,408.3725,8.3,801.0,1,0,0,0,0,0
2026-07-28 13:00:00,2026-07-28 15:00:00,2026-07-28,15,Tuesday,0.0,0.269605660020829,747.63375,2773.0639999999994,415.90999999999997,11.5,793.0,1,0,0,0,0,0
2026-07-28 14:00:00,2026-07-28 16:00:00,2026-07-28,16,Tuesday,0.05,0.2861748273107867,883.2802499999999,3086.5057499999994,373.9825,14.4,732.0,1,0,0,0,0,0
2026-07-28 15:00:00,2026-07-28 17:00:00,2026-07-28,17,Tuesday,0.13,0.2071857677207635,912.7669999999999,4405.54875,439.55,3.6,604.0,0,0,0,0,0,0
2026-07-28 16:00:00,2026-07-28 18:00:00,2026-07-28,18,Tuesday,0.18,0.1216935704060963,952.8077499999999,7829.56525,514.115,9.0,301.0,0,0,0,0,0,0
2026-07-28 17:00:00,2026-07-28 19:00:00,2026-07-28,19,Tuesday,0.23,0.08305810802112597,863.9145000000001,10401.3265,516.02,5.8,319.0,0,0,0,0,0,0
2026-07-28 18:00:00,2026-07-28 20:00:00,2026-07-28,20,Tuesday,0.25,0.0672274999936444,740.4375,11013.908,507.835,1.4,181.0,0,0,0,0,0,0
2026-07-28 19:00:00,2026-07-28 21:00:00,2026-07-28,21,Tuesday,0.25,0.05734818905249383,640.6549999999999,11171.3205,510.3775,8.3,78.0,0,0,0,0,0,0
2026-07-28 20:00:00,2026-07-28 22:00:00,2026-07-28,22,Tuesday,0.23,0.05256969904556231,587.2919999999999,11171.68275,526.3975,7.2,9.0,0,0,0,0,0,0
2026-07-28 21:00:00,2026-07-28 23:00:00,2026-07-28,23,Tuesday,0.21,0.060666458330613904,684.35725,11280.652749999997,514.255,6.8,0.0,0,0,0,0,0,0
2026-07-28 22:00:00,2026-07-29 00:00:00,2026-07-29,0,Wednesday,0.18,0.07004486431938557,786.80475,11232.868499999999,519.365,10.1,0.0,0,0,0,0,0,0
2026-07-28 23:00:00,2026-07-29 01:00:00,2026-07-29,1,Wednesday,0.18,0.10327993695803757,1072.57725,10385.146249999998,517.0925,10.1,0.0,0,0,0,0,0,0
2026-07-29 00:00:00,2026-07-29 02:00:00,2026-07-29,2,Wednesday,0.17,0.13070592547223614,1260.4705000000001,9643.5605,507.2175,9.7,0.0,0,0,0,0,0,0
2026-07-29 01:00:00,2026-07-29 03:00:00,2026-07-29,3,Wednesday,0.17,0.1399910429528955,1321.0539999999999,9436.703749999999,505.62,10.4,0.0,0,0,0,0,0,0
2026-07-29 02:00:00,2026-07-29 04:00:00,2026-07-29,4,Wednesday,0.17,0.14004684612147053,1339.2995,9563.225,504.79499999999996,10.1,0.0,0,0,0,0,0,0
2026-07-29 03:00:00,2026-07-29 05:00:00,2026-07-29,5,Wednesday,0.18,0.12242922419249681,1156.2305,9444.07275,504.3375,15.1,0.0,0,0,0,0,0,0
2026-07-29 04:00:00,2026-07-29 06:00:00,2026-07-29,6,Wednesday,0.21,0.1152045766354843,1025.1985,8898.939,480.5925,13.3,0.0,0,0,0,0,0,0
2026-07-29 05:00:00,2026-07-29 07:00:00,2026-07-29,7,Wednesday,0.19,0.11312940150444102,951.86575,8413.955500000002,480.955,10.1,28.0,0,0,0,0,0,0
2026-07-29 06:00:00,2026-07-29 08:00:00,2026-07-29,8,Wednesday,0.18,0.12756302115082996,893.90275,7007.5382500000005,479.1375,8.6,149.0,0,0,0,0,0,0
2026-07-29 07:00:00,2026-07-29 09:00:00,2026-07-29,9,Wednesday,0.15,0.17715293855493958,758.44275,4281.288,462.36,6.1,297.0,0,0,0,0,0,0
2026-07-29 08:00:00,2026-07-29 10:00:00,2026-07-29,10,Wednesday,0.11,0.19014822733943612,603.3495,3173.0482500000003,530.22,5.0,370.0,0,0,0,0,0,0
2026-07-29 09:00:00,2026-07-29 11:00:00,2026-07-29,11,Wednesday,0.04,0.20145821029946462,527.5564999999999,2618.6895000000004,469.9825,6.8,586.0,1,0,0,0,0,0
2026-07-29 10:00:00,2026-07-29 12:00:00,2026-07-29,12,Wednesday,0.0,0.20338620920249695,498.33450000000005,2450.1882500000006,463.3625,9.0,705.0,1,0,0,0,0,0
2026-07-29 11:00:00,2026-07-29 13:00:00,2026-07-29,13,Wednesday,0.0,0.19954664555028678,491.89624999999995,2465.0690000000004,461.5325,7.2,780.0,1,0,0,0,0,0
2026-07-29 12:00:00,2026-07-29 14:00:00,2026-07-29,14,Wednesday,0.0,0.206339175689587,511.16925000000003,2477.32525,455.125,7.9,818.0,1,0,0,0,0,0
2026-07-29 13:00:00,2026-07-29 15:00:00,2026-07-29,15,Wednesday,0.01,0.20064025460017254,505.0519999999999,2517.20175,465.31,6.5,811.0,1,0,0,0,0,0
2026-07-29 14:00:00,2026-07-29 16:00:00,2026-07-29,16,Wednesday,0.08,0.1667736520932118,475.5775,2851.6345,497.355,3.6,753.0,1,0,0,0,0,0
2026-07-29 15:00:00,2026-07-29 17:00:00,2026-07-29,17,Wednesday,0.15,0.10081025405078148,464.067,4603.371,511.0425,6.1,655.0,0,0,0,0,0,0
2026-07-29 16:00:00,2026-07-29 18:00:00,2026-07-29,18,Wednesday,0.19,0.06693512516911387,595.7025000000001,8899.699499999999,539.4975,8.3,530.0,0,0,0,0,0,0
2026-07-29 17:00:00,2026-07-29 19:00:00,2026-07-29,19,Wednesday,0.29,0.05248604584743874,575.6255000000001,10967.21025,537.38,6.5,382.0,0,0,0,0,0,0
2026-07-29 18:00:00,2026-07-29 20:00:00,2026-07-29,20,Wednesday,0.31,0.04920859069942523,551.895,11215.41975,530.3375,9.4,233.0,0,0,0,0,0,0
2026-07-29 19:00:00,2026-07-29 21:00:00,2026-07-29,21,Wednesday,0.27,0.0530435808763973,606.7017500000001,11437.79775,520.995,9.0,95.0,0,0,0,0,0,0
2026-07-29 20:00:00,2026-07-29 22:00:00,2026-07-29,22,Wednesday,0.23,0.0776375216641077,928.91575,11964.7785,526.36,8.6,9.0,0,0,0,0,0,0
2026-07-29 21:00:00,2026-07-29 23:00:00,2026-07-29,23,Wednesday,0.21,0.12914298384740155,1606.3302499999998,12438.38575,500.8525,9.4,0.0,0,0,0,0,0,0
2026-07-29 22:00:00,2026-07-30 00:00:00,2026-07-30,0,Thursday,0.18,0.17021517760701016,2065.97825,12137.450250000002,476.8675,13.3,0.0,0,0,0,0,0,0
2026-07-29 23:00:00,2026-07-30 01:00:00,2026-07-30,1,Thursday,0.17,0.21222267377722248,2445.603,11523.759250000001,457.97749999999996,15.8,0.0,0,0,0,0,0,0
2026-07-30 00:00:00,2026-07-30 02:00:00,2026-07-30,2,Thursday,0.17,0.27317305902279115,2917.5315,10680.15825,438.7625,12.6,0.0,0,0,0,0,0,0
2026-07-30 01:00:00,2026-07-30 03:00:00,2026-07-30,3,Thursday,0.16,0.24574345836611838,2519.535,10252.704249999999,478.6575,14.0,0.0,0,0,0,0,0,0
2026-07-30 02:00:00,2026-07-30 04:00:00,2026-07-30,4,Thursday,0.16,0.25579532603079036,2577.735,10077.33425,473.2675,10.4,0.0,0,0,0,0,0,0
2026-07-30 03:00:00,2026-07-30 05:00:00,2026-07-30,5,Thursday,0.17,0.2682576260929302,2753.6282499999998,10264.86475,465.71500000000003,11.5,0.0,0,0,0,0,0,0
2026-07-30 04:00:00,2026-07-30 06:00:00,2026-07-30,6,Thursday,0.18,0.24736122722081788,2505.8202499999998,10130.206250000001,472.4575,10.4,0.0,0,0,0,0,0,0
2026-07-30 05:00:00,2026-07-30 07:00:00,2026-07-30,7,Thursday,0.18,0.17385615723947628,1589.19475,9140.859750000001,495.37,15.8,35.0,0,0,0,0,0,0
2026-07-30 06:00:00,2026-07-30 08:00:00,2026-07-30,8,Thursday,0.17,0.18988923486856477,1310.62675,6902.059249999999,488.02,17.6,147.0,0,0,0,0,0,0
2026-07-30 07:00:00,2026-07-30 09:00:00,2026-07-30,9,Thursday,0.15,0.21479412128782505,1107.0605,5154.054000000001,465.49,7.6,233.0,0,0,0,0,0,0
2026-07-30 08:00:00,2026-07-30 10:00:00,2026-07-30,10,Thursday,0.11,0.25976324393654265,926.56575,3566.9625,410.34000000000003,8.3,340.0,0,0,0,0,0,0
2026-07-30 09:00:00,2026-07-30 11:00:00,2026-07-30,11,Thursday,0.05,0.276574740167884,740.1757500000001,2676.22325,290.1375,9.0,494.0,1,1,1,1,1,0
2026-07-30 10:00:00,2026-07-30 12:00:00,2026-07-30,12,Thursday,0.02,0.3062349561301343,852.89,2785.0837500000002,279.7525,9.4,658.0,1,1,1,1,1,0
2026-07-30 11:00:00,2026-07-30 13:00:00,2026-07-30,13,Thursday,0.02,0.3091955889679342,858.1780000000001,2775.51825,238.845,10.8,742.0,1,1,1,1,1,0
2026-07-30 12:00:00,2026-07-30 14:00:00,2026-07-30,14,Thursday,0.05,0.23744122589635933,704.28,2966.1235,246.6175,10.4,568.0,1,1,1,1,1,0
2026-07-30 13:00:00,2026-07-30 15:00:00,2026-07-30,15,Thursday,0.1,0.18697157007608178,771.11675,4124.246,300.6375,10.1,352.0,0,1,0,1,0,0
2026-07-30 14:00:00,2026-07-30 16:00:00,2026-07-30,16,Thursday,0.12,0.1471316032959697,699.4440000000001,4753.866500000001,384.52250000000004,7.6,183.0,0,0,0,0,0,0
2026-07-30 15:00:00,2026-07-30 17:00:00,2026-07-30,17,Thursday,0.16,0.09317505323069464,575.313,6174.539,490.2475,6.5,95.0,0,0,0,0,0,0
2026-07-30 16:00:00,2026-07-30 18:00:00,2026-07-30,18,Thursday,0.18,0.06240290120703249,569.96175,9133.577749999999,546.1825,4.7,82.0,0,0,0,0,0,0
2026-07-30 17:00:00,2026-07-30 19:00:00,2026-07-30,19,Thursday,0.21,0.050839188623385205,573.0557500000001,11271.9295,540.2574999999999,4.0,148.0,0,0,0,0,0,0
2026-07-30 18:00:00,2026-07-30 20:00:00,2026-07-30,20,Thursday,0.24,0.05355422794904044,625.92575,11687.7,537.8975,6.5,227.0,0,0,0,0,0,0
2026-07-30 19:00:00,2026-07-30 21:00:00,2026-07-30,21,Thursday,0.24,0.05495700285756731,650.80925,11842.153250000001,538.0475,4.7,65.0,0,0,0,0,0,0
2026-07-30 20:00:00,2026-07-30 22:00:00,2026-07-30,22,Thursday,0.23,0.05372826632571574,636.354,11843.93325,541.515,9.4,6.0,0,0,0,0,0,0
2026-07-30 21:00:00,2026-07-30 23:00:00,2026-07-30,23,Thursday,0.21,0.04969944756204601,588.6290000000001,11843.773500000001,545.2475000000001,11.9,0.0,0,0,0,0,0,0
2026-07-30 22:00:00,2026-07-31 00:00:00,2026-07-31,0,Friday,0.21,0.04680337973700392,546.73925,11681.618999999999,532.4775,7.6,0.0,0,0,0,0,0,0
2026-07-30 23:00:00,2026-07-31 01:00:00,2026-07-31,1,Friday,0.19,0.04822521510715113,561.7835,11649.16525,545.9925000000001,8.6,0.0,0,0,0,0,0,0
2026-07-31 00:00:00,2026-07-31 02:00:00,2026-07-31,2,Friday,0.18,0.0539719736794026,629.2267499999999,11658.398,540.1125,7.6,0.0,0,0,0,0,0,0
2026-07-31 01:00:00,2026-07-31 03:00:00,2026-07-31,3,Friday,0.18,0.05584440118745667,650.631,11650.783,533.475,6.1,0.0,0,0,0,0,0,0
2026-07-31 02:00:00,2026-07-31 04:00:00,2026-07-31,4,Friday,0.18,0.05643079844065703,646.119,11449.75825,530.5125,4.3,0.0,0,0,0,0,0,0
2026-07-31 03:00:00,2026-07-31 05:00:00,2026-07-31,5,Friday,0.19,0.06403105037408842,741.8892500000001,11586.398250000002,524.0425,9.0,0.0,0,0,0,0,0,0
2026-07-31 04:00:00,2026-07-31 06:00:00,2026-07-31,6,Friday,0.22,0.08221945102588268,969.7575,11794.745499999999,516.3225,6.8,0.0,0,0,0,0,0,0
2026-07-31 05:00:00,2026-07-31 07:00:00,2026-07-31,7,Friday,0.21,0.10802722285659862,1304.36525,12074.4125,504.32,3.6,20.0,0,0,0,0,0,0
2026-07-31 06:00:00,2026-07-31 08:00:00,2026-07-31,8,Friday,0.19,0.11633677261279499,1348.6307499999998,11592.471750000002,517.9675,4.7,71.0,0,0,0,0,0,0
2026-07-31 07:00:00,2026-07-31 09:00:00,2026-07-31,9,Friday,0.17,0.1735762476032399,1324.92325,7633.090749999999,513.33,0.7,155.0,0,0,0,0,0,0
2026-07-31 08:00:00,2026-07-31 10:00:00,2026-07-31,10,Friday,0.15,0.22535495258870486,1307.92375,5803.8385,531.3199999999999,5.8,212.0,0,0,0,0,0,0
2026-07-31 09:00:00,2026-07-31 11:00:00,2026-07-31,11,Friday,0.12,0.20548027516969028,975.46675,4747.2525,546.49,11.9,204.0,0,0,0,0,0,0
2026-07-31 10:00:00,2026-07-31 12:00:00,2026-07-31,12,Friday,0.11,0.22869419602313731,889.2325,3888.30375,487.4475,14.0,558.0,0,0,0,0,0,0
2026-07-31 11:00:00,2026-07-31 13:00:00,2026-07-31,13,Friday,0.1,0.2761690212523616,1025.6265,3713.76375,435.0075,10.4,456.0,0,0,0,0,0,0
2026-07-31 12:00:00,2026-07-31 14:00:00,2026-07-31,14,Friday,0.11,0.27459474900383424,1029.5245,3749.2505,454.36,10.8,395.0,0,0,0,0,0,0
2026-07-31 13:00:00,2026-07-31 15:00:00,2026-07-31,15,Friday,0.12,0.24530042016170112,1153.53375,4702.53475,533.5999999999999,13.0,494.0,0,0,0,0,0,0
2026-07-31 14:00:00,2026-07-31 16:00:00,2026-07-31,16,Friday,0.13,0.2271209177072385,1435.1592500000002,6318.9215,573.105,10.4,755.0,0,0,0,0,0,0
2026-07-31 15:00:00,2026-07-31 17:00:00,2026-07-31,17,Friday,0.17,0.18175379909303688,1511.9845,8318.860499999999,550.37,17.6,606.0,0,0,0,0,0,0
2026-07-31 16:00:00,2026-07-31 18:00:00,2026-07-31,18,Friday,0.18,0.13611543351305952,1467.6412500000001,10782.328000000001,506.3825,10.1,430.0,0,0,0,0,0,0
2026-07-31 17:00:00,2026-07-31 19:00:00,2026-07-31,19,Friday,0.21,0.12377910701361604,1496.67925,12091.533749999999,497.7175,11.9,259.0,0,0,0,0,0,0
2026-07-31 18:00:00,2026-07-31 20:00:00,2026-07-31,20,Friday,0.23,0.10739190358237838,1344.6395,12520.864749999999,505.15250000000003,16.9,169.0,0,0,0,0,0,0
2026-07-31 19:00:00,2026-07-31 21:00:00,2026-07-31,21,Friday,0.23,0.07253351373918554,892.5675,12305.587500000003,521.2175,13.0,90.0,0,0,0,0,0,0
2026-07-31 20:00:00,2026-07-31 22:00:00,2026-07-31,22,Friday,0.23,0.039437331478631175,468.74525,11885.82575,546.675,11.5,7.0,0,0,0,0,0,0
2026-07-31 21:00:00,2026-07-31 23:00:00,2026-07-31,23,Friday,0.21,0.02024483804817186,235.53375,11634.261999999999,552.61,8.6,0.0,0,0,0,0,0,0
2026-07-31 22:00:00,2026-08-01 00:00:00,2026-08-01,0,Saturday,0.21,0.009641301177602677,110.41725,11452.52575,555.7049999999999,8.6,0.0,0,0,0,0,0,0
2026-07-31 23:00:00,2026-08-01 01:00:00,2026-08-01,1,Saturday,0.19,0.0037063456144002024,42.28325,11408.339750000001,559.05,9.0,0.0,0,0,0,0,0,0
2026-08-01 00:00:00,2026-08-01 02:00:00,2026-08-01,2,Saturday,0.19,0.0006975713526969869,7.73425,11087.396250000002,565.5975,7.2,0.0,0,0,0,0,0,0
2026-08-01 01:00:00,2026-08-01 03:00:00,2026-08-01,3,Saturday,0.18,0.00043219428961287383,4.575,10585.517000000002,557.8275,6.8,0.0,0,0,0,0,0,0
2026-08-01 02:00:00,2026-08-01 04:00:00,2026-08-01,4,Saturday,0.18,0.00016383652399251902,1.721,10504.37325,557.425,7.2,0.0,0,0,0,0,0,0
2026-08-01 03:00:00,2026-08-01 05:00:00,2026-08-01,5,Saturday,0.18,0.0016654313947110074,17.572499999999998,10551.320250000002,553.625,7.9,0.0,0,0,0,0,0,0
2026-08-01 04:00:00,2026-08-01 06:00:00,2026-08-01,6,Saturday,0.18,0.002795069414865777,28.563750000000002,10219.33475,565.9325,7.2,0.0,0,0,0,0,0,0
2026-08-01 05:00:00,2026-08-01 07:00:00,2026-08-01,7,Saturday,0.18,0.004416410915724859,39.27375,8892.684750000002,599.3625,4.7,13.0,0,0,0,0,0,0
2026-08-01 06:00:00,2026-08-01 08:00:00,2026-08-01,8,Saturday,0.17,0.010186239145161136,73.18124999999999,7184.32475,635.31,2.5,80.0,0,0,0,0,0,0
2026-08-01 07:00:00,2026-08-01 09:00:00,2026-08-01,9,Saturday,0.15,0.022051083747137133,135.83299999999997,6159.924000000001,648.855,4.7,298.0,0,0,0,0,0,0
2026-08-01 08:00:00,2026-08-01 10:00:00,2026-08-01,10,Saturday,0.11,0.0472512825353482,188.71900000000002,3993.9445,682.4025,3.2,455.0,0,0,0,0,0,0
2026-08-01 09:00:00,2026-08-01 11:00:00,2026-08-01,11,Saturday,0.06,0.09437683992751092,269.3725,2854.2225,576.6475,3.2,541.0,1,0,0,0,0,0
2026-08-01 10:00:00,2026-08-01 12:00:00,2026-08-01,12,Saturday,0.01,0.1360778568905037,326.71875,2400.96925,491.3575,9.0,513.0,1,0,0,0,0,0
2026-08-01 11:00:00,2026-08-01 13:00:00,2026-08-01,13,Saturday,0.0,0.15394892980322084,369.83925,2402.35025,474.2075,4.3,689.0,1,0,0,0,0,0
2026-08-01 12:00:00,2026-08-01 14:00:00,2026-08-01,14,Saturday,0.0,0.15991343031080132,380.50924999999995,2379.47025,466.77750000000003,5.0,823.0,1,0,0,0,0,0
2026-08-01 13:00:00,2026-08-01 15:00:00,2026-08-01,15,Saturday,0.0,0.15252951696627934,365.68925,2397.49825,477.03,8.6,824.0,1,0,0,0,0,0
2026-08-01 14:00:00,2026-08-01 16:00:00,2026-08-01,16,Saturday,0.05,0.11931428287745084,314.84124999999995,2638.75575,537.1675,14.0,759.0,1,0,0,0,0,0
2026-08-01 15:00:00,2026-08-01 17:00:00,2026-08-01,17,Saturday,0.12,0.06886051041711969,248.18699999999998,3604.19925,615.45,14.0,662.0,0,0,0,0,0,0
2026-08-01 16:00:00,2026-08-01 18:00:00,2026-08-01,18,Saturday,0.17,0.028794343650540177,205.80575000000002,7147.43675,613.1125,9.7,539.0,0,0,0,0,0,0
2026-08-01 17:00:00,2026-08-01 19:00:00,2026-08-01,19,Saturday,0.21,0.01203848151583804,123.6095,10267.86475,570.0325,10.1,386.0,0,0,0,0,0,0
2026-08-01 18:00:00,2026-08-01 20:00:00,2026-08-01,20,Saturday,0.22,0.007349384637401209,79.691,10843.220749999999,546.2850000000001,7.6,223.0,0,0,0,0,0,0
2026-08-01 19:00:00,2026-08-01 21:00:00,2026-08-01,21,Saturday,0.22,0.005888452710613518,64.0145,10871.192000000001,548.11,7.9,90.0,0,0,0,0,0,0
2026-08-01 20:00:00,2026-08-01 22:00:00,2026-08-01,22,Saturday,0.22,0.006897233833771451,75.08749999999999,10886.61075,569.9325,9.4,7.0,0,0,0,0,0,0
2026-08-01 21:00:00,2026-08-01 23:00:00,2026-08-01,23,Saturday,0.21,0.006032430563838701,65.4565,10850.767249999999,570.9925000000001,2.5,0.0,0,0,0,0,0,0
2026-08-01 22:00:00,2026-08-02 00:00:00,2026-08-02,0,Sunday,0.21,0.0067475825206486885,74.77425,11081.6355,569.3625,10.4,0.0,0,0,0,0,0,0
2026-08-01 23:00:00,2026-08-02 01:00:00,2026-08-02,1,Sunday,0.19,0.01037342592609146,110.24625,10627.757,573.35,8.3,0.0,0,0,0,0,0,0
2026-08-02 00:00:00,2026-08-02 02:00:00,2026-08-02,2,Sunday,0.19,0.01934038605429096,181.35700000000003,9377.11375,582.8525,9.0,0.0,0,0,0,0,0,0
2026-08-02 01:00:00,2026-08-02 03:00:00,2026-08-02,3,Sunday,0.18,0.01280880074598165,114.32050000000001,8925.152500000002,583.3824999999999,7.9,0.0,0,0,0,0,0,0
2026-08-02 02:00:00,2026-08-02 04:00:00,2026-08-02,4,Sunday,0.18,0.01571010540315178,138.6625,8826.32525,579.8199999999999,5.8,0.0,0,0,0,0,0,0
2026-08-02 03:00:00,2026-08-02 05:00:00,2026-08-02,5,Sunday,0.19,0.01848819773536679,151.82575,8212.036250000001,580.1775,6.8,0.0,0,0,0,0,0,0
2026-08-02 04:00:00,2026-08-02 06:00:00,2026-08-02,6,Sunday,0.18,0.026037991429465387,211.6465,8128.37275,576.5425,10.8,0.0,0,0,0,0,0,0
2026-08-02 05:00:00,2026-08-02 07:00:00,2026-08-02,7,Sunday,0.17,0.035352433744195465,253.6535,7174.994,580.8575000000001,8.6,24.0,0,0,0,0,0,0
2026-08-02 06:00:00,2026-08-02 08:00:00,2026-08-02,8,Sunday,0.15,0.06612722463117461,292.9095,4429.4842499999995,584.255,9.4,76.0,0,0,0,0,0,0
2026-08-02 07:00:00,2026-08-02 09:00:00,2026-08-02,9,Sunday,0.07,0.09581214991216078,257.871,2691.4227499999997,454.815,4.3,249.0,1,0,0,0,0,0
2026-08-02 08:00:00,2026-08-02 10:00:00,2026-08-02,10,Sunday,0.0,0.11163761493072216,226.74275,2031.0604999999998,434.135,6.8,443.0,1,0,0,0,0,0
2026-08-02 09:00:00,2026-08-02 11:00:00,2026-08-02,11,Sunday,0.0,0.11904019657317493,252.40449999999998,2120.33,446.465,8.3,505.0,1,0,0,0,0,0
2026-08-02 10:00:00,2026-08-02 12:00:00,2026-08-02,12,Sunday,0.0,0.12809248028880973,273.0655,2131.784,448.6675,10.4,628.0,1,0,0,0,0,0
2026-08-02 11:00:00,2026-08-02 13:00:00,2026-08-02,13,Sunday,0.0,0.1435755803211877,309.87275000000005,2158.25525,437.4325,10.1,731.0,1,0,0,0,0,0
2026-08-02 12:00:00,2026-08-02 14:00:00,2026-08-02,14,Sunday,0.0,0.17440796863660926,382.96650000000005,2195.8085,416.7375,11.2,828.0,1,0,0,0,0,0
2026-08-02 13:00:00,2026-08-02 15:00:00,2026-08-02,15,Sunday,0.0,0.2136992333040696,492.61600000000004,2305.18375,396.31,11.5,762.0,1,0,0,0,0,0
2026-08-02 14:00:00,2026-08-02 16:00:00,2026-08-02,16,Sunday,0.0,0.2634935272759025,742.32075,2817.2257500000005,413.95,12.6,654.0,1,0,0,0,0,0
2026-08-02 15:00:00,2026-08-02 17:00:00,2026-08-02,17,Sunday,0.11,0.4465322251961652,2093.1495,4687.5665,348.69,19.8,659.0,0,0,0,0,0,0
2026-08-02 16:00:00,2026-08-02 18:00:00,2026-08-02,18,Sunday,0.18,0.3152306266418146,2729.8692499999997,8659.91125,424.25,17.6,522.0,0,0,0,0,0,0
2026-08-02 17:00:00,2026-08-02 19:00:00,2026-08-02,19,Sunday,0.22,0.27468069242700677,3229.35175,11756.748249999999,447.825,19.4,378.0,0,0,0,0,0,0
2026-08-02 18:00:00,2026-08-02 20:00:00,2026-08-02,20,Sunday,0.23,0.29432535976330043,3670.38175,12470.491,435.655,19.1,228.0,0,0,0,0,0,0
2026-08-02 19:00:00,2026-08-02 21:00:00,2026-08-02,21,Sunday,0.22,0.33043330462536386,4326.573,13093.634750000001,413.42,14.8,84.0,0,0,0,0,0,0
2026-08-02 20:00:00,2026-08-02 22:00:00,2026-08-02,22,Sunday,0.21,0.3542333085869387,4705.19,13282.743,399.735,15.8,6.0,0,0,0,0,0,0
2026-08-02 21:00:00,2026-08-02 23:00:00,2026-08-02,23,Sunday,0.18,0.3715741922219524,4682.69,12602.301500000001,399.58500000000004,15.5,0.0,0,0,0,0,0,0
2026-08-02 22:00:00,2026-08-03 00:00:00,2026-08-03,0,Monday,0.17,0.3860247700364592,4406.69925,11415.586749999999,398.59749999999997,20.5,0.0,0,0,0,0,0,0
2026-08-02 23:00:00,2026-08-03 01:00:00,2026-08-03,1,Monday,0.17,0.3773761099374617,4094.01775,10848.640500000001,409.305,19.8,0.0,0,0,0,0,0,0
2026-08-03 00:00:00,2026-08-03 02:00:00,2026-08-03,2,Monday,0.16,0.3675684461234382,3886.95775,10574.78625,412.3025,19.1,0.0,0,0,0,0,0,0
2026-08-03 01:00:00,2026-08-03 03:00:00,2026-08-03,3,Monday,0.16,0.3523056827474105,3605.6862499999997,10234.539,422.1675,21.2,0.0,0,0,0,0,0,0
2026-08-03 02:00:00,2026-08-03 04:00:00,2026-08-03,4,Monday,0.16,0.33037843040691134,3212.0435,9722.315999999999,414.8375,21.2,0.0,0,0,0,0,0,0
2026-08-03 03:00:00,2026-08-03 05:00:00,2026-08-03,5,Monday,0.17,0.30631821882420524,2804.38725,9155.1435,411.9425,19.8,0.0,0,0,0,0,0,0
2026-08-03 04:00:00,2026-08-03 06:00:00,2026-08-03,6,Monday,0.21,0.28207745336371404,2428.738,8610.18125,427.02750000000003,18.7,0.0,0,0,0,0,0,0
2026-08-03 05:00:00,2026-08-03 07:00:00,2026-08-03,7,Monday,0.19,0.2619356988480958,2122.4355,8102.887500000001,430.83,13.3,20.0,0,0,0,0,0,0
2026-08-03 06:00:00,2026-08-03 08:00:00,2026-08-03,8,Monday,0.18,0.19330498360641082,1470.223,7605.717,467.09250000000003,14.0,94.0,0,0,0,0,0,0
2026-08-03 07:00:00,2026-08-03 09:00:00,2026-08-03,9,Monday,0.17,0.19555399214389788,1179.51925,6031.68075,458.34749999999997,12.6,211.0,0,0,0,0,0,0
2026-08-03 08:00:00,2026-08-03 10:00:00,2026-08-03,10,Monday,0.13,0.26618899918932776,936.471,3518.068,373.7025,9.7,434.0,0,0,0,0,0,0
2026-08-03 09:00:00,2026-08-03 11:00:00,2026-08-03,11,Monday,0.04,0.2925702646681763,763.0872499999999,2608.21875,360.9425,8.3,564.0,1,0,0,0,0,0
2026-08-03 10:00:00,2026-08-03 12:00:00,2026-08-03,12,Monday,0.01,0.28393121918983627,695.39625,2449.1715,349.5025,11.5,681.0,1,0,0,0,0,0
2026-08-03 11:00:00,2026-08-03 13:00:00,2026-08-03,13,Monday,0.0,0.2813641365793602,691.09025,2456.2129999999997,302.9525,8.6,754.0,1,1,1,1,1,0
2026-08-03 12:00:00,2026-08-03 14:00:00,2026-08-03,14,Monday,0.0,0.29854175930618426,752.112,2519.28575,297.095,7.6,807.0,1,1,1,1,1,0
2026-08-03 13:00:00,2026-08-03 15:00:00,2026-08-03,15,Monday,0.05,0.28874909488660866,845.80125,2929.191,396.435,8.3,802.0,1,0,0,0,0,0
2026-08-03 14:00:00,2026-08-03 16:00:00,2026-08-03,16,Monday,0.12,0.18453052352925764,785.1872500000001,4255.0535,485.0725,10.4,705.0,0,0,0,0,0,0
2026-08-03 15:00:00,2026-08-03 17:00:00,2026-08-03,17,Monday,0.17,0.10587384417934019,746.6850000000001,7052.59175,532.0025,13.0,608.0,0,0,0,0,0,0
2026-08-03 16:00:00,2026-08-03 18:00:00,2026-08-03,18,Monday,0.21,0.11768526767331133,1126.031,9568.156,496.465,11.5,523.0,0,0,0,0,0,0
2026-08-03 17:00:00,2026-08-03 19:00:00,2026-08-03,19,Monday,0.24,0.0997853398639271,1046.4182500000002,10486.69325,493.455,13.7,371.0,0,0,0,0,0,0
2026-08-03 18:00:00,2026-08-03 20:00:00,2026-08-03,20,Monday,0.24,0.08872189157639004,928.236,10462.31075,478.58500000000004,11.9,218.0,0,0,0,0,0,0
2026-08-03 19:00:00,2026-08-03 21:00:00,2026-08-03,21,Monday,0.23,0.08947603576822491,929.46375,10387.851250000002,489.0,5.8,82.0,0,0,0,0,0,0
2026-08-03 20:00:00,2026-08-03 22:00:00,2026-08-03,22,Monday,0.22,0.08899982545766225,928.9175,10437.295750000001,472.97,6.1,5.0,0,0,0,0,0,0
2026-08-03 21:00:00,2026-08-03 23:00:00,2026-08-03,23,Monday,0.19,0.08293540977422989,855.4139999999999,10314.219249999998,470.4225,8.6,0.0,0,0,0,0,0,0
